kreis_code,kreis_name,pop_total,pop_65_plus,share_65_plus,n_hospitals,hospitals_per_100k,aging_rank,access_rank,problem_score,category,year
01001,"      Flensburg, kreisfreie Stadt",96431.0,19299.0,0.2001327373977248,5,5.185054598624923,0.11306532663316583,0.07035175879396985,0.1834170854271357,Other Kreise,2023
01002,"      Kiel, kreisfreie Stadt",251751.0,48598.0,0.19303994820278766,12,4.76661463112361,0.0678391959798995,0.08542713567839195,0.15326633165829145,Other Kreise,2023
01003,"      Lübeck, kreisfreie Stadt, Hansestadt",217061.0,50667.0,0.2334228626975827,9,4.146299888049903,0.5628140703517588,0.14824120603015076,0.7110552763819096,Other Kreise,2023
01004,"      Neumünster, kreisfreie Stadt",79461.0,18230.0,0.2294207221152515,3,3.775437006833541,0.5,0.19597989949748743,0.6959798994974874,Other Kreise,2023
01051,"      Dithmarschen, Kreis",133514.0,34524.0,0.25857962460865525,2,1.4979702503108288,0.7989949748743719,0.8266331658291457,1.6256281407035176,Other Kreise,2023
01053,"      Herzogtum Lauenburg, Kreis",205445.0,47318.0,0.230319550244591,6,2.9204896687677966,0.5125628140703518,0.3316582914572864,0.8442211055276382,Other Kreise,2023
01054,"      Nordfriesland, Kreis",170048.0,42921.0,0.25240520323673316,6,3.528415506210011,0.7462311557788944,0.2236180904522613,0.9698492462311558,Other Kreise,2023
01055,"      Ostholstein, Kreis",201529.0,57662.0,0.28612259277821056,11,5.45827151427338,0.9221105527638191,0.05778894472361809,0.9798994974874372,Other Kreise,2023
01056,"      Pinneberg, Kreis",323762.0,73027.0,0.22555766272755914,3,0.9266065813776787,0.43467336683417085,0.9522613065326633,1.3869346733668342,Other Kreise,2023
01057,"      Plön, Kreis",130635.0,35556.0,0.2721782064530945,6,4.592949822023194,0.8768844221105527,0.10301507537688442,0.9798994974874371,Other Kreise,2023
01058,"      Rendsburg-Eckernförde, Kreis",277888.0,67848.0,0.24415591893136804,6,2.1591432519576235,0.7085427135678392,0.5804020100502513,1.2889447236180904,Other Kreise,2023
01059,"      Schleswig-Flensburg, Kreis",204761.0,51173.0,0.2499157554417101,4,1.9534970038239705,0.7437185929648241,0.6658291457286433,1.4095477386934674,Other Kreise,2023
01060,"      Segeberg, Kreis",282268.0,63043.0,0.22334448113140704,9,3.1884591948077716,0.40954773869346733,0.27386934673366836,0.6834170854271358,Other Kreise,2023
01061,"      Steinburg, Kreis",132447.0,31287.0,0.23622279100319374,1,0.7550189887275665,0.5879396984924623,0.9798994974874372,1.5678391959798996,Other Kreise,2023
01062,"      Stormarn, Kreis",246201.0,58554.0,0.23783006567804355,5,2.0308609631967376,0.6105527638190955,0.6331658291457286,1.2437185929648242,Other Kreise,2023
03101,"      Braunschweig, kreisfreie Stadt",253527.0,54114.0,0.21344472186394348,5,1.9721765334658636,0.22613065326633167,0.6608040201005025,0.8869346733668342,Other Kreise,2023
03102,"      Salzgitter, kreisfreie Stadt",105056.0,23851.0,0.22703129759366433,2,1.9037465732561683,0.4648241206030151,0.6959798994974874,1.1608040201005025,Other Kreise,2023
03103,"      Wolfsburg, kreisfreie Stadt",129347.0,28502.0,0.22035300393515117,1,0.7731141812334263,0.33668341708542715,0.9723618090452262,1.3090452261306533,Other Kreise,2023
03151,"      Gifhorn, Landkreis",175876.0,38181.0,0.21709045008983602,2,1.1371648206691078,0.2814070351758794,0.8994974874371859,1.1809045226130652,Other Kreise,2023
03153,"      Goslar, Landkreis",127712.0,35927.0,0.2813126409421198,4,3.132047105988474,0.914572864321608,0.29396984924623115,1.208542713567839,Other Kreise,2023
03154,"      Helmstedt, Landkreis",90692.0,22031.0,0.24292109557623606,2,2.2052661756273984,0.6859296482412061,0.5552763819095478,1.241206030150754,Other Kreise,2023
03155,"      Northeim, Landkreis",126310.0,33641.0,0.2663367904362283,2,1.5834059061040298,0.8391959798994975,0.7864321608040201,1.6256281407035176,Other Kreise,2023
03157,"      Peine, Landkreis",136983.0,30369.0,0.22169904294693502,1,0.7300175934240015,0.35678391959798994,0.9849246231155779,1.341708542713568,Other Kreise,2023
03158,"      Wolfenbüttel, Landkreis",118540.0,29337.0,0.24748608064788258,1,0.8435970980259828,0.7412060301507538,0.9673366834170855,1.7085427135678393,Problematic (next 5),2023
03159,"      Göttingen, Landkreis",328657.0,78906.0,0.24008616886297873,12,3.651223007573245,0.6432160804020101,0.21105527638190955,0.8542713567839196,Other Kreise,2023
03241,"      Region Hannover, Landkreis",1138943.0,247264.0,0.21709953878288904,20,1.756014128889681,0.28391959798994976,0.7311557788944724,1.015075376884422,Other Kreise,2023
03251,"      Diepholz, Landkreis",220743.0,51683.0,0.23413199965570822,3,1.3590464929805248,0.5703517587939698,0.8517587939698492,1.4221105527638191,Other Kreise,2023
03252,"      Hameln-Pyrmont, Landkreis",150535.0,39062.0,0.25948782675125387,8,5.314378715913243,0.8065326633165829,0.06281407035175879,0.8693467336683417,Other Kreise,2023
03254,"      Hildesheim, Landkreis",268318.0,64607.0,0.24078518772501287,5,1.8634605207254078,0.6582914572864321,0.7085427135678392,1.3668341708542713,Other Kreise,2023
03255,"      Holzminden, Landkreis",66088.0,17809.0,0.269474034620506,2,3.0262680062946377,0.8542713567839196,0.31155778894472363,1.1658291457286434,Other Kreise,2023
03256,"      Nienburg (Weser), Landkreis",121723.0,28216.0,0.2318049998767694,2,1.6430748502748043,0.5376884422110553,0.7763819095477387,1.314070351758794,Other Kreise,2023
03257,"      Schaumburg, Landkreis",157051.0,40056.0,0.2550509070302004,3,1.9102075122094098,0.7763819095477387,0.6884422110552764,1.464824120603015,Other Kreise,2023
03351,"      Celle, Landkreis",172871.0,42017.0,0.2430540692192444,2,1.1569320475961844,0.6909547738693468,0.8919597989949749,1.5829145728643217,Other Kreise,2023
03352,"      Cuxhaven, Landkreis",199390.0,52180.0,0.2616981794473143,3,1.5045889964391395,0.8140703517587939,0.8241206030150754,1.6381909547738693,Other Kreise,2023
03353,"      Harburg, Landkreis",264767.0,60345.0,0.22791737641020218,4,1.510762292883932,0.4798994974874372,0.8140703517587939,1.2939698492462313,Other Kreise,2023
03354,"      Lüchow-Dannenberg, Landkreis",46815.0,13794.0,0.29464915091316884,1,2.1360674997329916,0.9522613065326633,0.592964824120603,1.5452261306532664,Other Kreise,2023
03355,"      Lüneburg, Landkreis",179403.0,37933.0,0.21144016543759023,2,1.1148085595001198,0.2135678391959799,0.914572864321608,1.1281407035175879,Other Kreise,2023
03356,"      Osterholz, Landkreis",113784.0,27820.0,0.2444983477466076,3,2.6365745623286228,0.7135678391959799,0.41457286432160806,1.1281407035175879,Other Kreise,2023
03357,"      Rotenburg (Wümme), Landkreis",165561.0,37199.0,0.224684557353483,2,1.2080139646414314,0.4221105527638191,0.8793969849246231,1.3015075376884422,Other Kreise,2023
03358,      Heidekreis,141627.0,33209.0,0.23448212558339865,4,2.824320221426705,0.5728643216080402,0.3542713567839196,0.9271356783919598,Other Kreise,2023
03359,"      Stade, Landkreis",207659.0,46297.0,0.22294723561222968,4,1.9262348369201432,0.3944723618090452,0.6834170854271356,1.0778894472361809,Other Kreise,2023
03360,"      Uelzen, Landkreis",91832.0,23805.0,0.25922336440456484,6,6.533670180329297,0.8040201005025126,0.020100502512562814,0.8241206030150754,Other Kreise,2023
03361,"      Verden, Landkreis",138273.0,32184.0,0.23275693736304268,2,1.4464139781446848,0.5527638190954773,0.8366834170854272,1.3894472361809045,Other Kreise,2023
03401,"      Delmenhorst, kreisfreie Stadt",81746.0,18132.0,0.2218090181782595,1,1.223301445942309,0.36432160804020103,0.8768844221105527,1.2412060301507537,Other Kreise,2023
03402,"      Emden, kreisfreie Stadt",49701.0,10896.0,0.21923100138830204,1,2.012031951067383,0.31909547738693467,0.6407035175879398,0.9597989949748744,Other Kreise,2023
03403,"      Oldenburg (Oldenburg), kreisfreie Stadt",176242.0,35122.0,0.19928280432587012,3,1.7022049227766367,0.09798994974874371,0.7638190954773869,0.8618090452261307,Other Kreise,2023
03404,"      Osnabrück, kreisfreie Stadt",165686.0,31829.0,0.19210434194802217,5,3.0177564791231606,0.06281407035175879,0.314070351758794,0.3768844221105528,Other Kreise,2023
03405,"      Wilhelmshaven, kreisfreie Stadt",76010.0,19657.0,0.2586107091172214,1,1.3156163662675964,0.8015075376884422,0.864321608040201,1.6658291457286432,Other Kreise,2023
03451,"      Ammerland, Landkreis",127292.0,30914.0,0.24285893850359802,4,3.142381296546523,0.6834170854271356,0.2889447236180904,0.9723618090452261,Other Kreise,2023
03452,"      Aurich, Landkreis",188960.0,46558.0,0.24639077053344624,3,1.5876375952582558,0.7311557788944724,0.7839195979899497,1.515075376884422,Other Kreise,2023
03453,"      Cloppenburg, Landkreis",176540.0,31311.0,0.1773592386994449,3,1.6993315962388127,0.022613065326633167,0.7663316582914573,0.7889447236180905,Other Kreise,2023
03454,"      Emsland, Landkreis",334203.0,67910.0,0.20319985158720896,7,2.094535357252927,0.1407035175879397,0.6105527638190955,0.7512562814070352,Other Kreise,2023
03455,"      Friesland, Landkreis",100461.0,26843.0,0.267198216223211,2,1.9908223091547965,0.8467336683417085,0.6507537688442211,1.4974874371859297,Other Kreise,2023
03456,"      Grafschaft Bentheim, Landkreis",144212.0,30787.0,0.2134843147588273,4,2.773694283416082,0.228643216080402,0.36683417085427134,0.5954773869346733,Other Kreise,2023
03457,"      Leer, Landkreis",169111.0,38342.0,0.22672682439344571,4,2.3653103582853863,0.45226130653266333,0.49246231155778897,0.9447236180904524,Other Kreise,2023
03458,"      Oldenburg, Landkreis",131965.0,29842.0,0.22613571780396316,3,2.2733300496343727,0.44472361809045224,0.5175879396984925,0.9623115577889447,Other Kreise,2023
03459,"      Osnabrück, Landkreis",356194.0,79378.0,0.22285046912637496,9,2.52671297102141,0.3869346733668342,0.44221105527638194,0.8291457286432161,Other Kreise,2023
03460,"      Vechta, Landkreis",146400.0,26038.0,0.1778551912568306,4,2.73224043715847,0.02512562814070352,0.3869346733668342,0.4120603015075377,Other Kreise,2023
03461,"      Wesermarsch, Landkreis",89316.0,21864.0,0.2447937659545882,2,2.239240449639482,0.7160804020100503,0.542713567839196,1.2587939698492463,Other Kreise,2023
03462,"      Wittmund, Landkreis",56013.0,14793.0,0.26409940549515293,1,1.7852998411083143,0.8291457286432161,0.7261306532663316,1.5552763819095476,Other Kreise,2023
04011,"      Bremen, kreisfreie Stadt",584332.0,120095.0,0.20552528357166816,10,1.7113558730310852,0.16331658291457288,0.7613065326633166,0.9246231155778895,Other Kreise,2023
04012,"      Bremerhaven, kreisfreie Stadt",118323.0,25610.0,0.2164414357310075,4,3.3805768954472084,0.271356783919598,0.24120603015075376,0.5125628140703518,Other Kreise,2023
05111,"      Düsseldorf, kreisfreie Stadt",616319.0,116989.0,0.18981890871448065,12,1.9470436575864123,0.05527638190954774,0.6733668341708543,0.7286432160804021,Other Kreise,2023
05112,"      Duisburg, kreisfreie Stadt",503185.0,101883.0,0.20247622643759253,9,1.7886065761101781,0.13316582914572864,0.7211055276381909,0.8542713567839195,Other Kreise,2023
05113,"      Essen, kreisfreie Stadt",574082.0,125366.0,0.21837646886681694,10,1.7419114342550368,0.3015075376884422,0.7437185929648241,1.0452261306532664,Other Kreise,2023
05114,"      Krefeld, kreisfreie Stadt",230393.0,51009.0,0.2213999557278216,4,1.736163859145026,0.3492462311557789,0.7462311557788944,1.0954773869346734,Other Kreise,2023
05116,"      Mönchengladbach, kreisfreie Stadt",267667.0,57297.0,0.21406075459432802,6,2.241591230895105,0.24120603015075376,0.5402010050251256,0.7814070351758793,Other Kreise,2023
05117,"      Mülheim an der Ruhr, kreisfreie Stadt",172887.0,41097.0,0.23771018063822033,3,1.7352374672473927,0.6080402010050251,0.7487437185929648,1.3567839195979898,Other Kreise,2023
05119,"      Oberhausen, kreisfreie Stadt",213510.0,48190.0,0.22570371411175122,4,1.8734485504191842,0.4396984924623116,0.7035175879396985,1.1432160804020102,Other Kreise,2023
05120,"      Remscheid, kreisfreie Stadt",114061.0,25139.0,0.22039961073460693,3,2.630171574859067,0.3391959798994975,0.41959798994974873,0.7587939698492463,Other Kreise,2023
05122,"      Solingen, kreisfreie Stadt",166078.0,36340.0,0.21881284697551753,5,3.010633557725888,0.30904522613065327,0.3165829145728643,0.6256281407035176,Other Kreise,2023
05124,"      Wuppertal, kreisfreie Stadt",358592.0,74902.0,0.20887805639835802,5,1.3943423166160984,0.1934673366834171,0.8442211055276382,1.0376884422110553,Other Kreise,2023
05154,"      Kleve, Kreis",319928.0,69461.0,0.21711447575704534,7,2.18799229826711,0.2864321608040201,0.5678391959798995,0.8542713567839196,Other Kreise,2023
05158,"      Mettmann, Kreis",489760.0,119446.0,0.24388680169879123,13,2.654361319830121,0.6984924623115578,0.4120603015075377,1.1105527638190955,Other Kreise,2023
05162,      Rhein-Kreis Neuss,457398.0,103730.0,0.22678280184871819,8,1.749023826077071,0.4547738693467337,0.7361809045226131,1.190954773869347,Other Kreise,2023
05166,"      Viersen, Kreis",297504.0,69929.0,0.2350523018177907,7,2.3529095407120577,0.585427135678392,0.49748743718592964,1.0829145728643217,Other Kreise,2023
05170,"      Wesel, Kreis",457545.0,112603.0,0.2461025691462042,8,1.7484618999224117,0.7236180904522613,0.7386934673366834,1.4623115577889447,Other Kreise,2023
05314,"      Bonn, kreisfreie Stadt",321680.0,60766.0,0.18890201442427257,10,3.1086794329768717,0.04773869346733668,0.2964824120603015,0.3442211055276382,Other Kreise,2023
05315,"      Köln, kreisfreie Stadt",1024408.0,183119.0,0.178755925373484,23,2.2451991784523355,0.02763819095477387,0.535175879396985,0.5628140703517588,Other Kreise,2023
05316,"      Leverkusen, kreisfreie Stadt",167850.0,36102.0,0.21508489722966934,3,1.7873100983020553,0.2562814070351759,0.7236180904522613,0.9798994974874372,Other Kreise,2023
05334,"      Städteregion Aachen, Kreis",582463.0,121789.0,0.20909310977693005,9,1.5451625253449577,0.19597989949748743,0.8015075376884422,0.9974874371859296,Other Kreise,2023
05358,"      Düren, Kreis",278462.0,61711.0,0.22161372108223026,6,2.1546925612830474,0.3542713567839196,0.585427135678392,0.9396984924623115,Other Kreise,2023
05362,      Rhein-Erft-Kreis,476412.0,104409.0,0.2191569481877031,10,2.099023534251866,0.314070351758794,0.6030150753768844,0.9170854271356783,Other Kreise,2023
05366,"      Euskirchen, Kreis",201841.0,46088.0,0.22833814735361002,4,1.9817579183614826,0.48743718592964824,0.6582914572864321,1.1457286432160805,Other Kreise,2023
05370,"      Heinsberg, Kreis",262149.0,58759.0,0.2241435214324678,5,1.9073122537183052,0.41457286432160806,0.6934673366834171,1.1080402010050252,Other Kreise,2023
05374,      Oberbergischer Kreis,273963.0,61153.0,0.22321627373039424,6,2.1900767621905146,0.4045226130653266,0.5653266331658291,0.9698492462311556,Other Kreise,2023
05378,      Rheinisch-Bergischer Kreis,283607.0,68065.0,0.23999760231588077,4,1.4104024230713628,0.6381909547738693,0.8391959798994975,1.4773869346733668,Other Kreise,2023
05382,      Rhein-Sieg-Kreis,605283.0,137361.0,0.22693682128855427,8,1.3216958017984974,0.45979899497487436,0.8567839195979899,1.3165829145728642,Other Kreise,2023
05512,"      Bottrop, kreisfreie Stadt",118912.0,28452.0,0.2392693756727664,5,4.204790096878364,0.6331658291457286,0.14321608040201006,0.7763819095477387,Other Kreise,2023
05513,"      Gelsenkirchen, kreisfreie Stadt",267284.0,54115.0,0.20246254919860524,6,2.2448032804058604,0.1306532663316583,0.5376884422110553,0.6683417085427136,Other Kreise,2023
05515,"      Münster, kreisfreie Stadt",307071.0,56520.0,0.18406166652012076,8,2.6052606726131744,0.04020100502512563,0.42462311557788945,0.4648241206030151,Other Kreise,2023
05554,"      Borken, Kreis",379787.0,76441.0,0.20127334532250973,5,1.3165274219496719,0.12060301507537688,0.8592964824120602,0.9798994974874371,Other Kreise,2023
05558,"      Coesfeld, Kreis",226217.0,51491.0,0.22761772987883316,4,1.7682137063085444,0.4748743718592965,0.7286432160804021,1.2035175879396984,Other Kreise,2023
05562,"      Recklinghausen, Kreis",622855.0,147398.0,0.23664897929694712,12,1.9266121328399066,0.592964824120603,0.678391959798995,1.271356783919598,Other Kreise,2023
05566,"      Steinfurt, Kreis",450042.0,94619.0,0.21024482159442898,7,1.555410383919723,0.20351758793969849,0.7989949748743719,1.0025125628140703,Other Kreise,2023
05570,"      Warendorf, Kreis",282216.0,62703.0,0.22218088272812314,8,2.834708166794228,0.37185929648241206,0.35175879396984927,0.7236180904522613,Other Kreise,2023
05711,"      Bielefeld, kreisfreie Stadt",331519.0,66834.0,0.20159930501720866,5,1.508209182580787,0.12311557788944724,0.8190954773869347,0.9422110552763819,Other Kreise,2023
05754,"      Gütersloh, Kreis",363674.0,75442.0,0.2074440295429423,5,1.3748577022278194,0.18341708542713567,0.8492462311557789,1.0326633165829147,Other Kreise,2023
05758,"      Herford, Kreis",254593.0,58118.0,0.22827807520238183,4,1.5711351058355887,0.4849246231155779,0.7939698492462312,1.278894472361809,Other Kreise,2023
05762,"      Höxter, Kreis",139042.0,33932.0,0.24404136879504035,3,2.157621438126609,0.7035175879396985,0.5829145728643216,1.2864321608040201,Other Kreise,2023
05766,"      Lippe, Kreis",347613.0,81612.0,0.23477833107507487,4,1.1507049506203737,0.5778894472361809,0.8944723618090452,1.4723618090452262,Other Kreise,2023
05770,"      Minden-Lübbecke, Kreis",320925.0,72829.0,0.2269346420503233,9,2.804393549894835,0.457286432160804,0.3592964824120603,0.8165829145728642,Other Kreise,2023
05774,"      Paderborn, Kreis",315606.0,63155.0,0.2001070955558513,6,1.9011045417387504,0.11055276381909548,0.6984924623115578,0.8090452261306533,Other Kreise,2023
05911,"      Bochum, kreisfreie Stadt",357024.0,79620.0,0.223010217800484,6,1.6805592901317559,0.39949748743718594,0.7688442211055276,1.1683417085427137,Other Kreise,2023
05913,"      Dortmund, kreisfreie Stadt",601343.0,122620.0,0.20391024756253917,11,1.8292388869580254,0.14824120603015076,0.7160804020100503,0.8643216080402011,Other Kreise,2023
05914,"      Hagen, kreisfreie Stadt",190640.0,40849.0,0.2142729752412925,4,2.09819555182543,0.24371859296482412,0.6055276381909548,0.8492462311557789,Other Kreise,2023
05915,"      Hamm, kreisfreie Stadt",179380.0,38794.0,0.2162671423793065,5,2.7873787490244175,0.2638190954773869,0.3630653266331658,0.6268844221105527,Other Kreise,2023
05916,"      Herne, kreisfreie Stadt",156154.0,34238.0,0.21925791206117037,6,3.842360746442614,0.32160804020100503,0.18090452261306533,0.5025125628140703,Other Kreise,2023
05954,      Ennepe-Ruhr-Kreis,315069.0,77681.0,0.24655234250275337,9,2.856517143863725,0.7361809045226131,0.34673366834170855,1.0829145728643217,Other Kreise,2023
05958,      Hochsauerlandkreis,261193.0,61139.0,0.23407595149946592,9,3.4457278717270374,0.5678391959798995,0.23115577889447236,0.7989949748743719,Other Kreise,2023
05962,      Märkischer Kreis,408899.0,94174.0,0.2303111526318235,10,2.445591698683538,0.5100502512562815,0.46733668341708545,0.9773869346733669,Other Kreise,2023
05966,"      Olpe, Kreis",132426.0,28378.0,0.2142932656729041,2,1.5102774379653543,0.24623115577889448,0.8165829145728644,1.0628140703517588,Other Kreise,2023
05970,"      Siegen-Wittgenstein, Kreis",274379.0,61769.0,0.22512291392562842,6,2.186756275079361,0.4321608040201005,0.5703517587939698,1.0025125628140703,Other Kreise,2023
05974,"      Soest, Kreis",300347.0,68221.0,0.2271406073641488,10,3.3294822322180675,0.46984924623115576,0.24623115577889448,0.7160804020100502,Other Kreise,2023
05978,"      Unna, Kreis",396283.0,94480.0,0.23841547580895472,8,2.0187593209903025,0.6180904522613065,0.635678391959799,1.2537688442211055,Other Kreise,2023
06411,"      Darmstadt, kreisfreie Stadt, Wissenschaftsstadt",164832.0,28535.0,0.1731156571539507,4,2.42671325956125,0.01507537688442211,0.4723618090452261,0.48743718592964824,Other Kreise,2023
06412,"      Frankfurt am Main, kreisfreie Stadt",749596.0,119133.0,0.1589296100832982,13,1.7342675254403708,0.002512562814070352,0.7512562814070352,0.7537688442211055,Other Kreise,2023
06413,"      Offenbach am Main, kreisfreie Stadt",131845.0,21102.0,0.1600515757139065,3,2.2753991429329896,0.005025125628140704,0.5125628140703518,0.5175879396984925,Other Kreise,2023
06414,"      Wiesbaden, kreisfreie Stadt, Landeshauptstadt",287241.0,56676.0,0.19731166511744494,9,3.1332574388753693,0.09296482412060302,0.2914572864321608,0.3844221105527638,Other Kreise,2023
06431,"      Bergstraße, Landkreis",274484.0,63913.0,0.23284781626615758,7,2.550239722533918,0.5603015075376885,0.4396984924623116,1.0,Other Kreise,2023
06432,"      Darmstadt-Dieburg, Landkreis",302263.0,66257.0,0.21920314428163554,1,0.3308377141760652,0.3165829145728643,0.9949748743718593,1.3115577889447236,Other Kreise,2023
06433,"      Groß-Gerau, Landkreis",267920.0,52523.0,0.19603986264556583,3,1.119737234995521,0.08793969849246232,0.9095477386934674,0.9974874371859297,Other Kreise,2023
06434,      Hochtaunuskreis,240622.0,55917.0,0.23238523493279917,9,3.74030637265088,0.5452261306532663,0.20100502512562815,0.7462311557788944,Other Kreise,2023
06435,      Main-Kinzig-Kreis,419055.0,93228.0,0.22247199055016645,5,1.1931608022813234,0.3768844221105528,0.8844221105527639,1.2613065326633166,Other Kreise,2023
06436,      Main-Taunus-Kreis,238593.0,51144.0,0.21435666595415623,4,1.676495119303584,0.24874371859296482,0.7713567839195979,1.0201005025125627,Other Kreise,2023
06437,      Odenwaldkreis,94246.0,23807.0,0.2526048850879613,4,4.2442119559450795,0.7512562814070352,0.1407035175879397,0.8919597989949748,Other Kreise,2023
06438,"      Offenbach, Landkreis",356578.0,77168.0,0.2164126782919866,3,0.8413306485537526,0.26884422110552764,0.9698492462311558,1.2386934673366834,Other Kreise,2023
06439,      Rheingau-Taunus-Kreis,186050.0,44970.0,0.2417092179521634,5,2.6874496103198067,0.6658291457286433,0.3969849246231156,1.0628140703517588,Other Kreise,2023
06440,      Wetteraukreis,310705.0,69026.0,0.2221592829210988,7,2.252940892486442,0.3693467336683417,0.5301507537688442,0.8994974874371859,Other Kreise,2023
06531,"      Gießen, Landkreis",268141.0,55034.0,0.20524276406815817,5,1.8646905918900878,0.16080402010050251,0.7060301507537688,0.8668341708542714,Other Kreise,2023
06532,      Lahn-Dill-Kreis,254444.0,58362.0,0.22937070632437787,7,2.751096508465517,0.49748743718592964,0.3768844221105528,0.8743718592964824,Other Kreise,2023
06533,"      Limburg-Weilburg, Landkreis",174281.0,39564.0,0.22701269788445097,5,2.8689300612229673,0.4623115577889447,0.3391959798994975,0.8015075376884422,Other Kreise,2023
06534,"      Marburg-Biedenkopf, Landkreis",243093.0,50683.0,0.20849222314093782,6,2.4681911860892747,0.18592964824120603,0.45979899497487436,0.6457286432160804,Other Kreise,2023
06535,      Vogelsbergkreis,101494.0,26584.0,0.26192681340768914,6,5.911679508148265,0.8165829145728644,0.04020100502512563,0.8567839195979899,Other Kreise,2023
06611,"      Kassel, kreisfreie Stadt, documenta-Stadt",197065.0,39866.0,0.2022987339202801,9,4.567021033669094,0.12814070351758794,0.10552763819095477,0.23366834170854273,Other Kreise,2023
06631,"      Fulda, Landkreis",222688.0,49621.0,0.22282745365713463,6,2.694352636873114,0.3844221105527638,0.3944723618090452,0.778894472361809,Other Kreise,2023
06632,"      Hersfeld-Rotenburg, Landkreis",118010.0,29860.0,0.2530294042877722,4,3.3895432590458436,0.7562814070351759,0.23869346733668342,0.9949748743718593,Other Kreise,2023
06633,"      Kassel, Landkreis",230742.0,59497.0,0.25785075972298066,6,2.6003068362066726,0.7939698492462312,0.4296482412060301,1.2236180904522613,Other Kreise,2023
06634,      Schwalm-Eder-Kreis,180368.0,43850.0,0.24311407788521244,6,3.3265324226026793,0.6934673366834171,0.25125628140703515,0.9447236180904522,Other Kreise,2023
06635,"      Waldeck-Frankenberg, Landkreis",155135.0,37524.0,0.24187965320527283,13,8.37979824024237,0.6733668341708543,0.007537688442211055,0.6809045226130653,Other Kreise,2023
06636,      Werra-Meißner-Kreis,98055.0,25982.0,0.2649737392279843,3,3.059507419305492,0.8341708542713567,0.3015075376884422,1.1356783919597988,Other Kreise,2023
07111,"      Koblenz, kreisfreie Stadt",113346.0,24886.0,0.21955781412665643,5,4.411271681400314,0.32914572864321606,0.12311557788944724,0.4522613065326633,Other Kreise,2023
07131,"      Ahrweiler, Landkreis",128546.0,32975.0,0.2565229567625597,7,5.445521447575187,0.7839195979899497,0.06030150753768844,0.8442211055276382,Other Kreise,2023
07132,"      Altenkirchen (Westerwald), Landkreis",132149.0,30499.0,0.2307925145101363,3,2.270164738287842,0.5326633165829145,0.5251256281407035,1.057788944723618,Other Kreise,2023
07133,"      Bad Kreuznach, Landkreis",164564.0,39990.0,0.2430057606766972,7,4.253664227899176,0.6884422110552764,0.13316582914572864,0.821608040201005,Other Kreise,2023
07134,"      Birkenfeld, Landkreis",82622.0,20878.0,0.2526929873399337,2,2.420662777468471,0.7537688442211056,0.4798994974874372,1.2336683417085428,Other Kreise,2023
07135,"      Cochem-Zell, Landkreis",61538.0,15733.0,0.25566316747375606,4,6.500048750365628,0.7788944723618091,0.022613065326633167,0.8015075376884423,Other Kreise,2023
07137,"      Mayen-Koblenz, Landkreis",216874.0,50196.0,0.23145236404548264,5,2.3054861348063853,0.535175879396985,0.5050251256281407,1.0402010050251258,Other Kreise,2023
07138,"      Neuwied, Landkreis",188656.0,43924.0,0.23282588414892716,6,3.1803918242727502,0.5577889447236181,0.27889447236180903,0.8366834170854272,Other Kreise,2023
07140,      Rhein-Hunsrück-Kreis,106390.0,25365.0,0.2384152645925369,3,2.8198138922831095,0.6155778894472361,0.35678391959798994,0.9723618090452261,Other Kreise,2023
07141,      Rhein-Lahn-Kreis,125283.0,30418.0,0.2427943136738424,7,5.587350239058771,0.6809045226130653,0.04773869346733668,0.7286432160804021,Other Kreise,2023
07143,      Westerwaldkreis,207648.0,46280.0,0.2228771767606719,4,1.9263368777931886,0.38944723618090454,0.6809045226130653,1.07035175879397,Other Kreise,2023
07211,"      Trier, kreisfreie Stadt",103986.0,20145.0,0.1937280018464024,2,1.9233358336699171,0.0728643216080402,0.6859296482412061,0.7587939698492463,Other Kreise,2023
07231,"      Bernkastel-Wittlich, Landkreis",113327.0,27333.0,0.24118700750924316,1,0.8824022518905468,0.6633165829145728,0.964824120603015,1.6281407035175879,Other Kreise,2023
07232,      Eifelkreis Bitburg-Prüm,100740.0,21630.0,0.21471113758189397,2,1.985308715505261,0.2537688442211055,0.6557788944723618,0.9095477386934674,Other Kreise,2023
07233,"      Vulkaneifel, Landkreis",59542.0,15326.0,0.25739813912868226,3,5.038460246548655,0.7914572864321608,0.07537688442211055,0.8668341708542714,Other Kreise,2023
07235,"      Trier-Saarburg, Landkreis",149056.0,33001.0,0.2214000107342207,2,1.3417775869471877,0.35175879396984927,0.8542713567839196,1.206030150753769,Other Kreise,2023
07311,"      Frankenthal (Pfalz), kreisfreie Stadt",48107.0,11370.0,0.2363481406032386,1,2.078699565551791,0.5904522613065326,0.6155778894472361,1.2060301507537687,Other Kreise,2023
07312,"      Kaiserslautern, kreisfreie Stadt",100571.0,21465.0,0.21343130723568424,3,2.9829672569627426,0.2236180904522613,0.3241206030150754,0.5477386934673367,Other Kreise,2023
07313,"      Landau in der Pfalz, kreisfreie Stadt",48202.0,9834.0,0.20401643085349155,3,6.223808140741048,0.1507537688442211,0.03015075376884422,0.1809045226130653,Other Kreise,2023
07314,"      Ludwigshafen am Rhein, kreisfreie Stadt",175816.0,33355.0,0.18971538426536835,4,2.2751057924193474,0.05025125628140704,0.5150753768844221,0.5653266331658291,Other Kreise,2023
07315,"      Mainz, kreisfreie Stadt",223871.0,40090.0,0.17907634307257306,5,2.233429072992929,0.03015075376884422,0.5477386934673367,0.577889447236181,Other Kreise,2023
07316,"      Neustadt an der Weinstraße, kreisfreie Stadt",52709.0,13486.0,0.25585763342123735,2,3.794418410518128,0.7814070351758794,0.1934673366834171,0.9748743718592965,Other Kreise,2023
07317,"      Pirmasens, kreisfreie Stadt",39576.0,10062.0,0.2542449969678593,2,5.053567818880129,0.7688442211055276,0.0728643216080402,0.8417085427135679,Other Kreise,2023
07318,"      Speyer, kreisfreie Stadt",49874.0,11974.0,0.24008501423587442,3,6.015158198660624,0.6407035175879398,0.03768844221105527,0.678391959798995,Other Kreise,2023
07319,"      Worms, kreisfreie Stadt",86403.0,17766.0,0.20561786049095518,3,3.4721016631366965,0.16834170854271358,0.228643216080402,0.3969849246231156,Other Kreise,2023
07320,"      Zweibrücken, kreisfreie Stadt",33355.0,8217.0,0.24634987258282118,1,2.99805126667666,0.7286432160804021,0.31909547738693467,1.0477386934673367,Other Kreise,2023
07331,"      Alzey-Worms, Landkreis",130794.0,28998.0,0.22170741777145742,2,1.529122130984602,0.3592964824120603,0.8065326633165829,1.1658291457286432,Other Kreise,2023
07332,"      Bad Dürkheim, Landkreis",134221.0,34209.0,0.2548706983258954,3,2.235119690659435,0.7738693467336684,0.5452261306532663,1.3190954773869348,Other Kreise,2023
07333,      Donnersbergkreis,74728.0,17853.0,0.23890643400064232,2,2.676372979338401,0.6256281407035176,0.4020100502512563,1.0276381909547738,Other Kreise,2023
07334,"      Germersheim, Landkreis",131678.0,28130.0,0.21362718145779858,2,1.5188566047479457,0.23115577889447236,0.8115577889447236,1.042713567839196,Other Kreise,2023
07335,"      Kaiserslautern, Landkreis",106082.0,24880.0,0.2345355479723233,1,0.9426669934578911,0.5753768844221105,0.9472361809045227,1.5226130653266332,Other Kreise,2023
07336,"      Kusel, Landkreis",69846.0,17932.0,0.25673624831772757,2,2.863442430489935,0.7864321608040201,0.3442211055276382,1.1306532663316582,Other Kreise,2023
07337,"      Südliche Weinstraße, Landkreis",113150.0,27847.0,0.24610693769332745,4,3.5351303579319486,0.7261306532663316,0.22110552763819097,0.9472361809045227,Other Kreise,2023
07338,      Rhein-Pfalz-Kreis,155525.0,37103.0,0.23856614692171677,0,0.0,0.6206030150753769,0.9987437185929648,2.969849246231156,Most problematic (top 5),2023
07339,"      Mainz-Bingen, Landkreis",206220.0,46365.0,0.22483270293860924,3,1.4547570555717195,0.4271356783919598,0.8316582914572864,1.2587939698492463,Other Kreise,2023
07340,"      Südwestpfalz, Landkreis",90168.0,24534.0,0.2720920947564546,2,2.218081802856889,0.8693467336683417,0.5527638190954773,1.4221105527638191,Other Kreise,2023
08111,"      Stuttgart, Stadtkreis",613111.0,111964.0,0.18261619837190982,15,2.446539044316608,0.035175879396984924,0.4648241206030151,0.5,Other Kreise,2023
08115,"      Böblingen, Landkreis",394261.0,81279.0,0.20615531335840978,4,1.0145563471913275,0.1708542713567839,0.9321608040201005,1.1030150753768844,Other Kreise,2023
08116,"      Esslingen, Landkreis",536027.0,113460.0,0.21166844207474622,6,1.1193466000779813,0.21608040201005024,0.9120603015075377,1.1281407035175879,Other Kreise,2023
08117,"      Göppingen, Landkreis",259232.0,57986.0,0.22368380446858413,2,0.7715096901617085,0.4120603015075377,0.9748743718592965,1.3869346733668342,Other Kreise,2023
08118,"      Ludwigsburg, Landkreis",534808.0,110511.0,0.20663677431900795,5,0.9349149601352261,0.17839195979899497,0.949748743718593,1.1281407035175879,Other Kreise,2023
08119,"      Rems-Murr-Kreis, Landkreis",440103.0,95764.0,0.21759451764700535,5,1.1360976862234522,0.2914572864321608,0.9020100502512562,1.193467336683417,Other Kreise,2023
08121,"      Heilbronn, Stadtkreis",131653.0,24982.0,0.1897564050952124,5,3.797862562949572,0.052763819095477386,0.19095477386934673,0.24371859296482412,Other Kreise,2023
08125,"      Heilbronn, Landkreis",353609.0,72194.0,0.20416335557070098,4,1.1311929277818156,0.15577889447236182,0.907035175879397,1.0628140703517588,Other Kreise,2023
08126,"      Hohenlohekreis, Landkreis",115335.0,23845.0,0.2067455672605887,2,1.7340789872978712,0.18090452261306533,0.7537688442211056,0.9346733668341709,Other Kreise,2023
08127,"      Schwäbisch Hall, Landkreis",200597.0,41146.0,0.20511772359506872,4,1.9940477674142685,0.15829145728643215,0.6482412060301508,0.8065326633165829,Other Kreise,2023
08128,"      Main-Tauber-Kreis, Landkreis",133459.0,32107.0,0.24057575734869885,6,4.495762743614144,0.6507537688442211,0.11557788944723618,0.7663316582914572,Other Kreise,2023
08135,"      Heidenheim, Landkreis",135241.0,30328.0,0.224251521358168,1,0.7394207377940122,0.41708542713567837,0.9824120603015075,1.399497487437186,Other Kreise,2023
08136,"      Ostalbkreis, Landkreis",317263.0,69103.0,0.21780982969964982,5,1.575979550089358,0.29396984924623115,0.7889447236180904,1.0829145728643215,Other Kreise,2023
08211,"      Baden-Baden, Stadtkreis",56526.0,15277.0,0.2702650107914942,3,5.307292219509606,0.864321608040201,0.0678391959798995,0.9321608040201005,Other Kreise,2023
08212,"      Karlsruhe, Stadtkreis",308197.0,59848.0,0.19418748397940278,3,0.9734033751139692,0.07788944723618091,0.9396984924623115,1.0175879396984924,Other Kreise,2023
08215,"      Karlsruhe, Landkreis",455350.0,101516.0,0.22294059514659054,5,1.098056440101021,0.39195979899497485,0.9170854271356784,1.3090452261306533,Other Kreise,2023
08216,"      Rastatt, Landkreis",231356.0,53300.0,0.23038088487007036,4,1.7289372222894586,0.5175879396984925,0.7562814070351759,1.2738693467336684,Other Kreise,2023
08221,"      Heidelberg, Stadtkreis",155175.0,25649.0,0.16529080070887708,10,6.44433703882713,0.007537688442211055,0.02512562814070352,0.032663316582914576,Other Kreise,2023
08222,"      Mannheim, Stadtkreis",316256.0,58986.0,0.18651345745219064,4,1.2647981382171405,0.04522613065326633,0.8668341708542714,0.9120603015075377,Other Kreise,2023
08225,"      Neckar-Odenwald-Kreis, Landkreis",145681.0,33799.0,0.23200691922762748,5,3.432156561253698,0.542713567839196,0.23366834170854273,0.7763819095477387,Other Kreise,2023
08226,"      Rhein-Neckar-Kreis, Landkreis",557819.0,125880.0,0.22566459729768976,5,0.8963480985767784,0.4371859296482412,0.9623115577889447,1.399497487437186,Other Kreise,2023
08231,"      Pforzheim, Stadtkreis",135087.0,26884.0,0.19901248824831405,6,4.441582091541007,0.09547738693467336,0.11809045226130653,0.21356783919597988,Other Kreise,2023
08235,"      Calw, Landkreis",161181.0,35385.0,0.219535801366166,6,3.7225231261749214,0.32663316582914576,0.20603015075376885,0.5326633165829147,Other Kreise,2023
08236,"      Enzkreis, Landkreis",199878.0,44517.0,0.2227208597244319,4,2.001220744654239,0.38190954773869346,0.6457286432160804,1.0276381909547738,Other Kreise,2023
08237,"      Freudenstadt, Landkreis",121901.0,26427.0,0.2167906743997178,2,1.6406756302245264,0.27386934673366836,0.7788944723618091,1.0527638190954773,Other Kreise,2023
08311,"      Freiburg im Breisgau, Stadtkreis",236236.0,41387.0,0.17519345061717942,5,2.116527540256354,0.020100502512562814,0.5954773869346733,0.6155778894472361,Other Kreise,2023
08315,"      Breisgau-Hochschwarzwald, Landkreis",271977.0,62753.0,0.23072906900215828,11,4.044459641807947,0.5276381909547738,0.15577889447236182,0.6834170854271356,Other Kreise,2023
08316,"      Emmendingen, Landkreis",169470.0,37694.0,0.2224228477016581,5,2.9503746975865934,0.3743718592964824,0.32663316582914576,0.7010050251256281,Other Kreise,2023
08317,"      Ortenaukreis, Landkreis",443482.0,97918.0,0.22079362860273924,11,2.4803712439287278,0.3442211055276382,0.44974874371859297,0.7939698492462312,Other Kreise,2023
08325,"      Rottweil, Landkreis",140344.0,30803.0,0.2194821296243516,3,2.137604742632389,0.3241206030150754,0.5904522613065326,0.914572864321608,Other Kreise,2023
08326,"      Schwarzwald-Baar-Kreis, Landkreis",213922.0,49087.0,0.22946214040631632,5,2.337300511401352,0.5025125628140703,0.5,1.0025125628140703,Other Kreise,2023
08327,"      Tuttlingen, Landkreis",144955.0,29511.0,0.20358732020282155,3,2.069607809320134,0.1457286432160804,0.6180904522613065,0.7638190954773869,Other Kreise,2023
08335,"      Konstanz, Landkreis",291397.0,63716.0,0.21865702117729421,8,2.7453954570568673,0.3065326633165829,0.3793969849246231,0.6859296482412061,Other Kreise,2023
08336,"      Lörrach, Landkreis",237212.0,50755.0,0.21396472353843818,3,1.2646914995868674,0.23869346733668342,0.8693467336683417,1.1080402010050252,Other Kreise,2023
08337,"      Waldshut, Landkreis",171777.0,38609.0,0.2247623372162746,5,2.910750566140985,0.42462311557788945,0.3341708542713568,0.7587939698492463,Other Kreise,2023
08415,"      Reutlingen, Landkreis",293385.0,63192.0,0.21538933483306918,7,2.385943384971965,0.25879396984924624,0.4849246231155779,0.7437185929648241,Other Kreise,2023
08416,"      Tübingen, Landkreis",232897.0,44368.0,0.19050481543343195,5,2.146871793110259,0.05778894472361809,0.5879396984924623,0.6457286432160804,Other Kreise,2023
08417,"      Zollernalbkreis, Landkreis",193339.0,44236.0,0.22880019033924867,4,2.068904876926021,0.49246231155778897,0.6206030150753769,1.1130653266331658,Other Kreise,2023
08421,"      Ulm, Stadtkreis",128998.0,24861.0,0.19272391820028217,6,4.651234902866711,0.06532663316582915,0.09547738693467336,0.16080402010050251,Other Kreise,2023
08425,"      Alb-Donau-Kreis, Landkreis",201769.0,41069.0,0.20354464759204832,5,2.4780813702798743,0.14321608040201006,0.45226130653266333,0.5954773869346734,Other Kreise,2023
08426,"      Biberach, Landkreis",206783.0,41282.0,0.19963923533365896,3,1.450796245339317,0.10301507537688442,0.8341708542713567,0.9371859296482412,Other Kreise,2023
08435,"      Bodenseekreis, Landkreis",221208.0,52911.0,0.23919116849300207,6,2.712379299121189,0.6306532663316583,0.39195979899497485,1.0226130653266332,Other Kreise,2023
08436,"      Ravensburg, Landkreis",289725.0,61143.0,0.21103805332643025,8,2.7612391060488393,0.20854271356783918,0.3693467336683417,0.5778894472361809,Other Kreise,2023
08437,"      Sigmaringen, Landkreis",132758.0,28881.0,0.21754621190436735,2,1.5065005498727007,0.2889447236180904,0.821608040201005,1.1105527638190953,Other Kreise,2023
09161,"      Ingolstadt, kreisfreie Stadt",139536.0,25810.0,0.18497018690517142,5,3.5833046668959985,0.04271356783919598,0.21608040201005024,0.25879396984924624,Other Kreise,2023
09162,"      München, kreisfreie Stadt",1488719.0,254536.0,0.17097652411234088,49,3.2914203419181187,0.01256281407035176,0.25879396984924624,0.271356783919598,Other Kreise,2023
09163,"      Rosenheim, kreisfreie Stadt",64453.0,12925.0,0.2005337222472189,4,6.206072642080276,0.11557788944723618,0.032663316582914576,0.14824120603015076,Other Kreise,2023
09171,"      Altötting, Landkreis",113018.0,25559.0,0.22614981684333468,3,2.6544444247818935,0.4472361809045226,0.40954773869346733,0.8567839195979899,Other Kreise,2023
09172,"      Berchtesgadener Land, Landkreis",105108.0,25236.0,0.2400959013586026,7,6.659816569623625,0.6457286432160804,0.017587939698492462,0.6633165829145728,Other Kreise,2023
09173,"      Bad Tölz-Wolfratshausen, Landkreis",129787.0,28781.0,0.22175564578886944,6,4.622959156155855,0.36180904522613067,0.10050251256281408,0.4623115577889447,Other Kreise,2023
09174,"      Dachau, Landkreis",151925.0,29732.0,0.19570182655915747,2,1.3164390324173112,0.08542713567839195,0.8618090452261307,0.9472361809045227,Other Kreise,2023
09175,"      Ebersberg, Landkreis",143011.0,27862.0,0.19482417436420973,3,2.097740733230311,0.08040201005025126,0.6080402010050251,0.6884422110552764,Other Kreise,2023
09176,"      Eichstätt, Landkreis",135220.0,25823.0,0.19097027067001923,2,1.4790711433219939,0.06030150753768844,0.8291457286432161,0.8894472361809046,Other Kreise,2023
09177,"      Erding, Landkreis",139547.0,25477.0,0.18256931356460548,4,2.8664177660573142,0.032663316582914576,0.3417085427135678,0.3743718592964824,Other Kreise,2023
09178,"      Freising, Landkreis",183535.0,30768.0,0.1676410493911243,2,1.0897104094586862,0.010050251256281407,0.9221105527638191,0.9321608040201006,Other Kreise,2023
09179,"      Fürstenfeldbruck, Landkreis",216912.0,47625.0,0.2195590838681124,2,0.9220328981338055,0.3316582914572864,0.9547738693467337,1.2864321608040201,Other Kreise,2023
09180,"      Garmisch-Partenkirchen, Landkreis",89322.0,22636.0,0.25342021002664517,7,7.836815118335908,0.7638190954773869,0.010050251256281407,0.7738693467336684,Other Kreise,2023
09181,"      Landsberg am Lech, Landkreis",120966.0,25867.0,0.2138369459186879,5,4.133392854190434,0.23618090452261306,0.1507537688442211,0.3869346733668342,Other Kreise,2023
09182,"      Miesbach, Landkreis",96730.0,22430.0,0.23188255970226404,2,2.0676108756332057,0.5402010050251256,0.6231155778894473,1.1633165829145728,Other Kreise,2023
09183,"      Mühldorf a.Inn, Landkreis",121263.0,25304.0,0.20867041059515268,2,1.6493077030916272,0.19095477386934673,0.7738693467336684,0.964824120603015,Other Kreise,2023
09184,"      München, Landkreis",352771.0,73801.0,0.2092037043861315,4,1.1338800524986463,0.1984924623115578,0.9045226130653267,1.1030150753768844,Other Kreise,2023
09185,"      Neuburg-Schrobenhausen, Landkreis",98967.0,20078.0,0.2028757060434286,3,3.0313134681257385,0.13819095477386933,0.30904522613065327,0.4472361809045226,Other Kreise,2023
09186,"      Pfaffenhofen a.d.Ilm, Landkreis",129497.0,25027.0,0.19326316439763083,2,1.5444373228723447,0.07035175879396985,0.8040201005025126,0.8743718592964824,Other Kreise,2023
09187,"      Rosenheim, Landkreis",256815.0,58037.0,0.2259875786071686,16,6.230165683468646,0.44221105527638194,0.02763819095477387,0.4698492462311558,Other Kreise,2023
09188,"      Starnberg, Landkreis",138926.0,32885.0,0.23670875142162015,8,5.758461339130185,0.5954773869346733,0.04522613065326633,0.6407035175879396,Other Kreise,2023
09189,"      Traunstein, Landkreis",172021.0,41072.0,0.23876154655536241,3,1.7439731195609838,0.6231155778894473,0.7412060301507538,1.3643216080402012,Other Kreise,2023
09190,"      Weilheim-Schongau, Landkreis",138052.0,31351.0,0.22709558717005188,4,2.897458928519688,0.46733668341708545,0.33668341708542715,0.8040201005025126,Other Kreise,2023
09261,"      Landshut, kreisfreie Stadt",68741.0,14129.0,0.2055396342793966,4,5.818943570794723,0.1658291457286432,0.04271356783919598,0.20854271356783918,Other Kreise,2023
09262,"      Passau, kreisfreie Stadt",52894.0,11769.0,0.22250160698756002,5,9.452868000151245,0.3793969849246231,0.005025125628140704,0.3844221105527638,Other Kreise,2023
09263,"      Straubing, kreisfreie Stadt",47524.0,10436.0,0.21959431024324552,1,2.1041999831664002,0.3341708542713568,0.6005025125628141,0.9346733668341709,Other Kreise,2023
09271,"      Deggendorf, Landkreis",121137.0,26407.0,0.2179928510694503,5,4.127558054104031,0.2964824120603015,0.15326633165829145,0.44974874371859297,Other Kreise,2023
09272,"      Freyung-Grafenau, Landkreis",78512.0,18982.0,0.24177195842673732,3,3.821071938047687,0.6683417085427136,0.18592964824120603,0.8542713567839196,Other Kreise,2023
09273,"      Kelheim, Landkreis",125597.0,25097.0,0.19982165179104597,4,3.1847894456077768,0.10552763819095477,0.27638190954773867,0.38190954773869346,Other Kreise,2023
09274,"      Landshut, Landkreis",161180.0,32347.0,0.20068867105099888,2,1.2408487405385284,0.11809045226130653,0.871859296482412,0.9899497487437185,Other Kreise,2023
09275,"      Passau, Landkreis",194068.0,46655.0,0.24040542490261146,5,2.5764165137992867,0.6482412060301508,0.4371859296482412,1.085427135678392,Other Kreise,2023
09276,"      Regen, Landkreis",77439.0,18794.0,0.2426942496674802,3,3.8740169681943204,0.678391959798995,0.17336683417085427,0.8517587939698493,Other Kreise,2023
09277,"      Rottal-Inn, Landkreis",120475.0,27549.0,0.2286698485162897,3,2.490143183233036,0.4899497487437186,0.4472361809045226,0.9371859296482412,Other Kreise,2023
09278,"      Straubing-Bogen, Landkreis",103329.0,21826.0,0.21122821279602047,4,3.871130079648501,0.21105527638190955,0.17587939698492464,0.3869346733668342,Other Kreise,2023
09279,"      Dingolfing-Landau, Landkreis",100727.0,20145.0,0.19999602887011428,2,1.9855649428653688,0.10804020100502512,0.6532663316582915,0.7613065326633166,Other Kreise,2023
09361,"      Amberg, kreisfreie Stadt",42217.0,10239.0,0.24253262903569653,2,4.737428050311486,0.6758793969849246,0.09045226130653267,0.7663316582914572,Other Kreise,2023
09362,"      Regensburg, kreisfreie Stadt",149664.0,26092.0,0.17433718195424416,4,2.6726534103057515,0.017587939698492462,0.4045226130653266,0.4221105527638191,Other Kreise,2023
09363,"      Weiden i.d.OPf., kreisfreie Stadt",42430.0,9867.0,0.2325477256658025,2,4.71364600518501,0.550251256281407,0.09296482412060302,0.6432160804020101,Other Kreise,2023
09371,"      Amberg-Sulzbach, Landkreis",104127.0,23742.0,0.2280100262179838,1,0.9603657072613251,0.4824120603015075,0.9447236180904522,1.4271356783919598,Other Kreise,2023
09372,"      Cham, Landkreis",128230.0,29514.0,0.23016454807767292,5,3.8992435467519297,0.5050251256281407,0.16834170854271358,0.6733668341708543,Other Kreise,2023
09373,"      Neumarkt i.d.OPf., Landkreis",138214.0,28499.0,0.2061947414878377,3,2.1705471225780313,0.17336683417085427,0.5753768844221105,0.7487437185929648,Other Kreise,2023
09374,"      Neustadt a.d.Waldnaab, Landkreis",96209.0,21879.0,0.22741115696036754,1,1.0394037979814779,0.4723618090452261,0.9271356783919598,1.399497487437186,Other Kreise,2023
09375,"      Regensburg, Landkreis",193801.0,41166.0,0.2124137646348574,2,1.0319864190587251,0.2185929648241206,0.9296482412060302,1.1482412060301508,Other Kreise,2023
09376,"      Schwandorf, Landkreis",148698.0,32274.0,0.2170439414114514,5,3.3625200069940417,0.27889447236180903,0.24371859296482412,0.5226130653266332,Other Kreise,2023
09377,"      Tirschenreuth, Landkreis",72545.0,17485.0,0.24102281342614928,2,2.7569095044455167,0.6608040201005025,0.37185929648241206,1.0326633165829147,Other Kreise,2023
09461,"      Bamberg, kreisfreie Stadt",75087.0,14987.0,0.19959513630854875,2,2.6635769174424335,0.10050251256281408,0.40703517587939697,0.507537688442211,Other Kreise,2023
09462,"      Bayreuth, kreisfreie Stadt",73074.0,16307.0,0.22315734734652545,2,2.736951583326491,0.4020100502512563,0.3844221105527638,0.7864321608040201,Other Kreise,2023
09463,"      Coburg, kreisfreie Stadt",40907.0,9711.0,0.23739213337570586,3,7.3337081673063285,0.6030150753768844,0.01256281407035176,0.6155778894472361,Other Kreise,2023
09464,"      Hof, kreisfreie Stadt",46484.0,11020.0,0.23707082006711988,2,4.302555718096549,0.5979899497487438,0.1306532663316583,0.7286432160804021,Other Kreise,2023
09471,"      Bamberg, Landkreis",148017.0,31161.0,0.21052311558807435,1,0.6755980731942952,0.20603015075376885,0.9874371859296482,1.1934673366834172,Other Kreise,2023
09472,"      Bayreuth, Landkreis",103269.0,24729.0,0.23946198762455334,1,0.9683448082193107,0.635678391959799,0.9422110552763819,1.5778894472361809,Other Kreise,2023
09473,"      Coburg, Landkreis",84518.0,20765.0,0.2456873092122388,2,2.3663598286755487,0.7211055276381909,0.4899497487437186,1.2110552763819096,Other Kreise,2023
09474,"      Forchheim, Landkreis",116284.0,25741.0,0.22136321419971794,3,2.579890612638024,0.34673366834170855,0.43467336683417085,0.7814070351758794,Other Kreise,2023
09475,"      Hof, Landkreis",92675.0,24499.0,0.264353925006744,3,3.2371189641219313,0.8316582914572864,0.271356783919598,1.1030150753768844,Other Kreise,2023
09476,"      Kronach, Landkreis",65009.0,16773.0,0.2580104293251704,2,3.076497100401483,0.7964824120603015,0.2989949748743719,1.0954773869346734,Other Kreise,2023
09477,"      Kulmbach, Landkreis",71752.0,18241.0,0.254222878804772,2,2.7873787490244175,0.7663316582914573,0.3630653266331658,1.129396984924623,Other Kreise,2023
09478,"      Lichtenfels, Landkreis",67716.0,16188.0,0.23905723905723905,3,4.430267588162325,0.628140703517588,0.12060301507537688,0.7487437185929648,Other Kreise,2023
09479,"      Wunsiedel i.Fichtelgebirge, Landkreis",70959.0,19175.0,0.2702264688059302,1,1.4092645048549162,0.8592964824120602,0.8417085427135679,1.7010050251256281,Problematic (next 5),2023
09561,"      Ansbach, kreisfreie Stadt",39700.0,8865.0,0.22329974811083123,4,10.075566750629724,0.40703517587939697,0.002512562814070352,0.40954773869346733,Other Kreise,2023
09562,"      Erlangen, kreisfreie Stadt",115314.0,21177.0,0.18364639159165408,3,2.6015921744107393,0.03768844221105527,0.4271356783919598,0.4648241206030151,Other Kreise,2023
09563,"      Fürth, kreisfreie Stadt",131712.0,25572.0,0.19415087463556852,3,2.2776967930029155,0.07537688442211055,0.5100502512562815,0.585427135678392,Other Kreise,2023
09564,"      Nürnberg, kreisfreie Stadt",526606.0,106289.0,0.20183780663342232,10,1.898952917361367,0.12562814070351758,0.7010050251256281,0.8266331658291457,Other Kreise,2023
09565,"      Schwabach, kreisfreie Stadt",40994.0,9437.0,0.23020442015904766,1,2.4393813728838367,0.507537688442211,0.46984924623115576,0.9773869346733668,Other Kreise,2023
09571,"      Ansbach, Landkreis",187340.0,40034.0,0.2136970214583111,3,1.6013664994128323,0.23366834170854273,0.7814070351758794,1.015075376884422,Other Kreise,2023
09572,"      Erlangen-Höchstadt, Landkreis",138581.0,30353.0,0.21902713936253887,3,2.1647989262597327,0.31155778894472363,0.5778894472361809,0.8894472361809045,Other Kreise,2023
09573,"      Fürth, Landkreis",117617.0,27999.0,0.23805232236836513,0,0.0,0.6130653266331658,0.9987437185929648,2.969849246231156,Most problematic (top 5),2023
09574,"      Nürnberger Land, Landkreis",169193.0,39494.0,0.2334257327430804,4,2.364164002056823,0.5653266331658291,0.4949748743718593,1.0603015075376883,Other Kreise,2023
09575,"      Neustadt a.d.Aisch-Bad Windsheim, Landkreis",100982.0,22667.0,0.22446574637064032,5,4.951377473213047,0.41959798994974873,0.07788944723618091,0.49748743718592964,Other Kreise,2023
09576,"      Roth, Landkreis",128438.0,28908.0,0.22507357635590713,2,1.5571715535900592,0.4296482412060301,0.7964824120603015,1.2261306532663316,Other Kreise,2023
09577,"      Weißenburg-Gunzenhausen, Landkreis",94670.0,21835.0,0.2306432872081969,3,3.168902503432977,0.5226130653266332,0.28391959798994976,0.806532663316583,Other Kreise,2023
09661,"      Aschaffenburg, kreisfreie Stadt",72554.0,15738.0,0.21691429831573725,4,5.513135044242909,0.27638190954773867,0.052763819095477386,0.32914572864321606,Other Kreise,2023
09662,"      Schweinfurt, kreisfreie Stadt",53938.0,13041.0,0.24177759649968483,3,5.561941488375542,0.6708542713567839,0.05025125628140704,0.7211055276381909,Other Kreise,2023
09663,"      Würzburg, kreisfreie Stadt",131759.0,27212.0,0.20652858628253098,7,5.3127300601856415,0.17587939698492464,0.06532663316582915,0.2412060301507538,Other Kreise,2023
09671,"      Aschaffenburg, Landkreis",170856.0,39427.0,0.23076157700051506,3,1.7558645877229948,0.5301507537688442,0.7336683417085427,1.263819095477387,Other Kreise,2023
09672,"      Bad Kissingen, Landkreis",103447.0,27102.0,0.26198923120051815,5,4.833392945179657,0.8190954773869347,0.08040201005025126,0.8994974874371859,Other Kreise,2023
09673,"      Rhön-Grabfeld, Landkreis",79430.0,19111.0,0.2406017877376306,2,2.517940324814302,0.6532663316582915,0.44472361809045224,1.0979899497487438,Other Kreise,2023
09674,"      Haßberge, Landkreis",83673.0,19275.0,0.2303610483668567,1,1.1951286555997753,0.5150753768844221,0.8819095477386935,1.3969849246231156,Other Kreise,2023
09675,"      Kitzingen, Landkreis",91197.0,19908.0,0.21829665449521365,2,2.1930545960941696,0.2989949748743719,0.5603015075376885,0.8592964824120604,Other Kreise,2023
09676,"      Miltenberg, Landkreis",127204.0,28980.0,0.22782302443319394,2,1.5722776013332915,0.47738693467336685,0.7914572864321608,1.2688442211055277,Other Kreise,2023
09677,"      Main-Spessart, Landkreis",125814.0,31019.0,0.24654648926192635,3,2.3844723162764083,0.7336683417085427,0.48743718592964824,1.221105527638191,Other Kreise,2023
09678,"      Schweinfurt, Landkreis",114404.0,26884.0,0.2349917835040733,5,4.37047655676375,0.5829145728643216,0.12562814070351758,0.7085427135678392,Other Kreise,2023
09679,"      Würzburg, Landkreis",160879.0,37393.0,0.23242934130619908,1,0.6215851664915869,0.5477386934673367,0.9899497487437185,1.5376884422110553,Other Kreise,2023
09761,"      Augsburg, kreisfreie Stadt",298972.0,58301.0,0.19500488340045222,6,2.0068768981710665,0.0829145728643216,0.6432160804020101,0.7261306532663316,Other Kreise,2023
09762,"      Kaufbeuren, kreisfreie Stadt",46071.0,10562.0,0.22925484578151115,2,4.3411256538820515,0.4949748743718593,0.12814070351758794,0.6231155778894473,Other Kreise,2023
09763,"      Kempten (Allgäu), kreisfreie Stadt",65933.0,14702.0,0.22298393824033488,3,4.550073559522545,0.3969849246231156,0.10804020100502512,0.5050251256281407,Other Kreise,2023
09764,"      Memmingen, kreisfreie Stadt",44048.0,9773.0,0.2218715946240465,2,4.540501271340356,0.36683417085427134,0.11055276381909548,0.4773869346733668,Other Kreise,2023
09771,"      Aichach-Friedberg, Landkreis",136430.0,28584.0,0.20951403650223557,3,2.198929854137653,0.20100502512562815,0.5577889447236181,0.7587939698492462,Other Kreise,2023
09772,"      Augsburg, Landkreis",261600.0,56154.0,0.2146559633027523,3,1.146788990825688,0.25125628140703515,0.8969849246231156,1.1482412060301508,Other Kreise,2023
09773,"      Dillingen a.d.Donau, Landkreis",98474.0,21265.0,0.21594532566971994,2,2.0309929524544548,0.2613065326633166,0.6306532663316583,0.8919597989949749,Other Kreise,2023
09774,"      Günzburg, Landkreis",129696.0,26477.0,0.20414661978781148,6,4.62620281273131,0.15326633165829145,0.09798994974874371,0.25125628140703515,Other Kreise,2023
09775,"      Neu-Ulm, Landkreis",182560.0,38080.0,0.2085889570552147,2,1.0955302366345312,0.1884422110552764,0.9195979899497487,1.1080402010050252,Other Kreise,2023
09776,"      Lindau (Bodensee), Landkreis",82224.0,19140.0,0.23277875072971396,5,6.080949601089706,0.5552763819095478,0.035175879396984924,0.5904522613065327,Other Kreise,2023
09777,"      Ostallgäu, Landkreis",141137.0,31143.0,0.22065794228302996,6,4.251188561468644,0.3417085427135678,0.135678391959799,0.4773869346733668,Other Kreise,2023
09778,"      Unterallgäu, Landkreis",145298.0,31440.0,0.2163828820768352,3,2.0647221572217096,0.2663316582914573,0.6256281407035176,0.8919597989949748,Other Kreise,2023
09779,"      Donau-Ries, Landkreis",134677.0,28646.0,0.2127015006274271,3,2.227551846269222,0.22110552763819097,0.550251256281407,0.771356783919598,Other Kreise,2023
09780,"      Oberallgäu, Landkreis",153394.0,36417.0,0.23740824282566464,3,1.9557479432050797,0.6055276381909548,0.6633165829145728,1.2688442211055277,Other Kreise,2023
10041,"      Saarbrücken, Regionalverband",332416.0,78824.0,0.2371245668078552,7,2.1057951482479784,0.6005025125628141,0.5979899497487438,1.1984924623115578,Other Kreise,2023
10042,"      Merzig-Wadern, Landkreis",109336.0,26320.0,0.2407258359552206,2,1.8292236774712813,0.6557788944723618,0.7185929648241206,1.3743718592964824,Other Kreise,2023
10043,"      Neunkirchen, Landkreis",133667.0,33841.0,0.25317393223458295,4,2.9925112406203476,0.7613065326633166,0.32160804020100503,1.0829145728643217,Other Kreise,2023
10044,"      Saarlouis, Landkreis",206094.0,52174.0,0.25315632672469845,5,2.4260774209826583,0.7587939698492462,0.4748743718592965,1.2336683417085426,Other Kreise,2023
10045,      Saarpfalz-Kreis,144478.0,38112.0,0.26379102700757207,2,1.3842938025166462,0.8266331658291457,0.8467336683417085,1.6733668341708543,Other Kreise,2023
10046,"      St. Wendel, Landkreis",88056.0,23456.0,0.26637594258199326,2,2.2712819115108567,0.8417085427135679,0.5201005025125628,1.3618090452261307,Other Kreise,2023
12051,"      Brandenburg an der Havel, kreisfreie Stadt",73939.0,20694.0,0.2798793600129837,5,6.762331110780509,0.8994974874371859,0.01507537688442211,0.914572864321608,Other Kreise,2023
12052,"      Cottbus, kreisfreie Stadt",94778.0,25840.0,0.27263710987781975,3,3.1652915233493006,0.8793969849246231,0.2864321608040201,1.1658291457286434,Other Kreise,2023
12053,"      Frankfurt (Oder), kreisfreie Stadt",57065.0,16000.0,0.28038202050293526,2,3.504775256286691,0.9020100502512562,0.22613065326633167,1.1281407035175879,Other Kreise,2023
12054,"      Potsdam, kreisfreie Stadt",184290.0,37382.0,0.20284334472841717,6,3.255738238645613,0.135678391959799,0.2663316582914573,0.40201005025125625,Other Kreise,2023
12060,"      Barnim, Landkreis",192776.0,48680.0,0.25252106071295183,5,2.593683861061543,0.7487437185929648,0.4321608040201005,1.1809045226130652,Other Kreise,2023
12061,"      Dahme-Spreewald, Landkreis",177662.0,43905.0,0.24712656617622225,4,2.2514662674066486,0.7386934673366834,0.5326633165829145,1.271356783919598,Other Kreise,2023
12062,"      Elbe-Elster, Landkreis",98750.0,29816.0,0.3019341772151899,1,1.0126582278481013,0.9673366834170855,0.9346733668341709,1.9020100502512562,Most problematic (top 5),2023
12063,"      Havelland, Landkreis",169721.0,39880.0,0.23497386887892482,2,1.1784045580688307,0.5804020100502513,0.8894472361809045,1.4698492462311559,Other Kreise,2023
12064,"      Märkisch-Oderland, Landkreis",197785.0,50861.0,0.2571529691331496,6,3.033597087746796,0.7889447236180904,0.3065326633165829,1.0954773869346734,Other Kreise,2023
12065,"      Oberhavel, Landkreis",217290.0,52841.0,0.2431819227760136,4,1.8408578397533253,0.6959798994974874,0.7135678391959799,1.4095477386934672,Other Kreise,2023
12066,"      Oberspreewald-Lausitz, Landkreis",108434.0,32735.0,0.301888706494273,2,1.8444399358134902,0.964824120603015,0.7110552763819096,1.6758793969849246,Other Kreise,2023
12067,"      Oder-Spree, Landkreis",180499.0,50390.0,0.27917052172034196,7,3.8781378290184434,0.8969849246231156,0.1708542713567839,1.0678391959798996,Other Kreise,2023
12068,"      Ostprignitz-Ruppin, Landkreis",99372.0,27882.0,0.28058205530733005,2,2.0126393752767378,0.9045226130653267,0.6381909547738693,1.542713567839196,Other Kreise,2023
12069,"      Potsdam-Mittelmark, Landkreis",220158.0,53811.0,0.24441991660534707,5,2.271096212719956,0.7110552763819096,0.5226130653266332,1.2336683417085428,Other Kreise,2023
12070,"      Prignitz, Landkreis",76148.0,22480.0,0.2952145821295372,2,2.6264642538215055,0.9597989949748744,0.4221105527638191,1.3819095477386936,Other Kreise,2023
12071,"      Spree-Neiße, Landkreis",110580.0,33739.0,0.30510942304214145,4,3.6172906493036714,0.9773869346733668,0.2135678391959799,1.1909547738693467,Other Kreise,2023
12072,"      Teltow-Fläming, Landkreis",177420.0,40876.0,0.23039116221395559,4,2.254537256228159,0.5201005025125628,0.5276381909547738,1.0477386934673367,Other Kreise,2023
12073,"      Uckermark, Landkreis",117797.0,35671.0,0.3028175590210277,5,4.244590269701265,0.9723618090452262,0.13819095477386933,1.1105527638190955,Other Kreise,2023
13003,"      Rostock, kreisfreie Stadt",204948.0,52205.0,0.2547231492866483,4,1.9517145812596366,0.7713567839195979,0.6683417085427136,1.4396984924623115,Other Kreise,2023
13004,"      Schwerin, kreisfreie Stadt",97850.0,26630.0,0.27215125191619827,2,2.043944813490036,0.8743718592964824,0.628140703517588,1.5025125628140703,Other Kreise,2023
13071,"      Mecklenburgische Seenplatte, Landkreis",247575.0,72168.0,0.2914995455922448,6,2.4235080278703425,0.9371859296482412,0.47738693467336685,1.414572864321608,Other Kreise,2023
13072,      Landkreis Rostock,218780.0,58263.0,0.2663086205320413,6,2.7424810311728676,0.8366834170854272,0.38190954773869346,1.2185929648241207,Other Kreise,2023
13073,"      Vorpommern-Rügen, Landkreis",216175.0,62436.0,0.28882155660922865,5,2.312940904359894,0.9296482412060302,0.5025125628140703,1.4321608040201004,Other Kreise,2023
13074,"      Nordwestmecklenburg, Landkreis",157160.0,41255.0,0.26250318147111223,3,1.9088826673453807,0.8241206030150754,0.6909547738693468,1.5150753768844223,Other Kreise,2023
13075,"      Vorpommern-Greifswald, Landkreis",226181.0,63566.0,0.2810404056927859,9,3.9791140723579788,0.9120603015075377,0.16080402010050251,1.0728643216080402,Other Kreise,2023
13076,"      Ludwigslust-Parchim, Landkreis",209372.0,56003.0,0.26748084748677,8,3.8209502703322316,0.8492462311557789,0.1884422110552764,1.0376884422110553,Other Kreise,2023
14511,"      Chemnitz, kreisfreie Stadt",245150.0,68043.0,0.27755659800122373,3,1.223740566999796,0.8919597989949749,0.8743718592964824,1.7663316582914574,Problematic (next 5),2023
14521,      Erzgebirgskreis,322179.0,100855.0,0.3130402664357391,7,2.1727052352884577,0.9874371859296482,0.5728643216080402,1.5603015075376885,Other Kreise,2023
14522,"      Mittelsachsen, Landkreis",297766.0,87681.0,0.29446276606462796,8,2.6866734281281275,0.949748743718593,0.39949748743718594,1.349246231155779,Other Kreise,2023
14523,      Vogtlandkreis,221088.0,68850.0,0.3114144594007816,6,2.713851498046027,0.9824120603015075,0.38944723618090454,1.3718592964824121,Other Kreise,2023
14524,"      Zwickau, Landkreis",309866.0,92808.0,0.2995101108220973,6,1.9363208612755192,0.9623115577889447,0.6758793969849246,1.6381909547738693,Other Kreise,2023
14612,"      Dresden, kreisfreie Stadt",563019.0,123010.0,0.21848285759450392,6,1.0656833961198469,0.30402010050251255,0.9246231155778895,1.228643216080402,Other Kreise,2023
14625,"      Bautzen, Landkreis",294746.0,85472.0,0.28998527545751257,9,3.053476552692827,0.9346733668341709,0.30402010050251255,1.2386934673366834,Other Kreise,2023
14626,"      Görlitz, Landkreis",245867.0,76711.0,0.31200201735084415,7,2.8470677236066653,0.9849246231155779,0.3492462311557789,1.3341708542713568,Other Kreise,2023
14627,"      Meißen, Landkreis",240368.0,69298.0,0.2882996072688544,8,3.3282300472608664,0.9271356783919598,0.24874371859296482,1.1758793969849246,Other Kreise,2023
14628,"      Sächsische Schweiz-Osterzgebirge, Landkreis",245143.0,69579.0,0.28383025417817354,6,2.4475510212406637,0.9195979899497487,0.4623115577889447,1.3819095477386933,Other Kreise,2023
14713,"      Leipzig, kreisfreie Stadt",608013.0,119430.0,0.19642672113918616,6,0.9868210054719225,0.09045226130653267,0.9371859296482412,1.0276381909547738,Other Kreise,2023
14729,"      Leipzig, Landkreis",260706.0,71772.0,0.2752986122298681,6,2.301443004763987,0.8869346733668342,0.507537688442211,1.3944723618090453,Other Kreise,2023
14730,"      Nordsachsen, Landkreis",200778.0,54262.0,0.2702586936815787,8,3.9845002938568967,0.8618090452261307,0.15829145728643215,1.020100502512563,Other Kreise,2023
15001,"      Dessau-Roßlau, kreisfreie Stadt",76062.0,24744.0,0.325313559990534,3,3.9441508243275223,0.9974874371859297,0.1658291457286432,1.1633165829145728,Other Kreise,2023
15002,"      Halle (Saale), kreisfreie Stadt",227639.0,55753.0,0.24491848936254332,6,2.6357522217194767,0.7185929648241206,0.41708542713567837,1.135678391959799,Other Kreise,2023
15003,"      Magdeburg, kreisfreie Stadt, Landeshauptstadt",242491.0,59202.0,0.24414101966670929,6,2.474318634506023,0.7060301507537688,0.457286432160804,1.1633165829145728,Other Kreise,2023
15081,      Altmarkkreis Salzwedel,80780.0,21711.0,0.26876702153998516,2,2.475860361475613,0.8517587939698492,0.4547738693467337,1.3065326633165828,Other Kreise,2023
15082,"      Anhalt-Bitterfeld, Landkreis",153801.0,45343.0,0.29481602850436606,5,3.2509541550445054,0.957286432160804,0.26884422110552764,1.2261306532663316,Other Kreise,2023
15083,"      Börde, Landkreis",168593.0,44108.0,0.2616241480963029,2,1.1862888732035137,0.8115577889447236,0.8869346733668342,1.6984924623115578,Problematic (next 5),2023
15084,      Burgenlandkreis,175217.0,51589.0,0.29442919351432795,3,1.7121626326212638,0.9472361809045227,0.7587939698492462,1.7060301507537687,Problematic (next 5),2023
15085,"      Harz, Landkreis",207134.0,62567.0,0.30206050189732253,5,2.4138963183253352,0.9698492462311558,0.4824120603015075,1.4522613065326633,Other Kreise,2023
15086,"      Jerichower Land, Landkreis",88695.0,24895.0,0.28068098539940245,4,4.509837082135408,0.907035175879397,0.11306532663316583,1.020100502512563,Other Kreise,2023
15087,"      Mansfeld-Südharz, Landkreis",130162.0,41239.0,0.31682826016809823,1,0.7682733824003933,0.992462311557789,0.9773869346733668,1.9698492462311559,Most problematic (top 5),2023
15088,      Saalekreis,182677.0,49711.0,0.2721251170098042,1,0.5474142886077612,0.871859296482412,0.992462311557789,1.864321608040201,Most problematic (top 5),2023
15089,      Salzlandkreis,182296.0,53504.0,0.29350068021240183,6,3.291350331329267,0.9422110552763819,0.2613065326633166,1.2035175879396984,Other Kreise,2023
15090,"      Stendal, Landkreis",106793.0,29990.0,0.2808236494901351,4,3.7455638478177407,0.9095477386934674,0.1984924623115578,1.1080402010050252,Other Kreise,2023
15091,"      Wittenberg, Landkreis",122230.0,37191.0,0.30427063732307946,4,3.2725190215168123,0.9748743718592965,0.2638190954773869,1.2386934673366834,Other Kreise,2023
16051,"      Erfurt, kreisfreie Stadt",219549.0,50645.0,0.23067743419464448,2,0.9109583737571112,0.5251256281407035,0.957286432160804,1.4824120603015074,Other Kreise,2023
16052,"      Gera, kreisfreie Stadt",95695.0,27973.0,0.2923141229949318,2,2.0899733528397513,0.9396984924623115,0.6130653266331658,1.5527638190954773,Other Kreise,2023
16053,"      Jena, kreisfreie Stadt",110076.0,24927.0,0.2264526327264799,1,0.9084632435771648,0.44974874371859297,0.9597989949748744,1.4095477386934674,Other Kreise,2023
16054,"      Suhl, kreisfreie Stadt",36307.0,11902.0,0.32781557275456524,2,5.508579612746853,1.0,0.05527638190954774,1.0552763819095476,Other Kreise,2023
16055,"      Weimar, kreisfreie Stadt",65528.0,15991.0,0.2440330850933952,1,1.5260651935050666,0.7010050251256281,0.8090452261306532,1.5100502512562812,Other Kreise,2023
16061,"      Eichsfeld, Landkreis",102699.0,26946.0,0.2623784068004557,2,1.94743863134013,0.821608040201005,0.6708542713567839,1.4924623115577889,Other Kreise,2023
16062,"      Nordhausen, Landkreis",81502.0,23115.0,0.2836126720816667,3,3.6808912664719884,0.9170854271356784,0.20854271356783918,1.1256281407035176,Other Kreise,2023
16063,      Wartburgkreis,156334.0,43354.0,0.27731651464172863,6,3.8379367252165237,0.8894472361809045,0.18341708542713567,1.0728643216080402,Other Kreise,2023
16064,      Unstrut-Hainich-Kreis,96458.0,26313.0,0.27279230338592964,4,4.146882581019718,0.8819095477386935,0.1457286432160804,1.0276381909547738,Other Kreise,2023
16065,      Kyffhäuserkreis,72556.0,21390.0,0.29480676994321625,2,2.7564915375709798,0.9547738693467337,0.3743718592964824,1.329145728643216,Other Kreise,2023
16066,"      Schmalkalden-Meiningen, Landkreis",121151.0,34704.0,0.28645244364470784,4,3.301664864507928,0.9246231155778895,0.2537688442211055,1.178391959798995,Other Kreise,2023
16067,"      Gotha, Landkreis",136933.0,36516.0,0.2666705615154857,3,2.1908524606924558,0.8442211055276382,0.5628140703517588,1.4070351758793969,Other Kreise,2023
16068,"      Sömmerda, Landkreis",68109.0,18373.0,0.26975876903199286,2,2.936469482740901,0.8567839195979899,0.32914572864321606,1.185929648241206,Other Kreise,2023
16069,"      Hildburghausen, Landkreis",60691.0,16646.0,0.2742746041422946,2,3.2953815227958017,0.8844221105527639,0.2562814070351759,1.1407035175879399,Other Kreise,2023
16070,      Ilm-Kreis,107002.0,29047.0,0.2714622156595204,4,3.7382478832171366,0.8668341708542714,0.20351758793969849,1.07035175879397,Other Kreise,2023
16071,"      Weimarer Land, Landkreis",82868.0,21622.0,0.26092098276777526,4,4.826953709513926,0.8090452261306532,0.0829145728643216,0.8919597989949748,Other Kreise,2023
16072,"      Sonneberg, Landkreis",55959.0,16451.0,0.2939830947658107,2,3.5740452831537377,0.9447236180904522,0.2185929648241206,1.1633165829145728,Other Kreise,2023
16073,"      Saalfeld-Rudolstadt, Landkreis",101111.0,31017.0,0.3067618755625006,4,3.956048303349784,0.9798994974874372,0.16331658291457288,1.1432160804020102,Other Kreise,2023
16074,      Saale-Holzland-Kreis,84040.0,23375.0,0.2781413612565445,4,4.75963826749167,0.8944723618090452,0.08793969849246232,0.9824120603015075,Other Kreise,2023
16075,      Saale-Orla-Kreis,77859.0,22570.0,0.28988299361666603,3,3.8531190999113782,0.9321608040201005,0.17839195979899497,1.1105527638190955,Other Kreise,2023
16076,"      Greiz, Landkreis",94488.0,29923.0,0.31668571670476675,3,3.1750063500126995,0.9899497487437185,0.2814070351758794,1.271356783919598,Other Kreise,2023
16077,"      Altenburger Land, Landkreis",87955.0,28059.0,0.31901540560513897,3,3.4108350861235857,0.9949748743718593,0.23618090452261306,1.2311557788944723,Other Kreise,2023
01001,"      Flensburg, kreisfreie Stadt",90164.0,18161.0,0.20142185351137926,2,2.218180204959851,0.18796992481203006,0.40601503759398494,0.593984962406015,Other Kreise,2019
01002,"      Kiel, kreisfreie Stadt",246794.0,46277.0,0.18751266238239178,11,4.457158601910906,0.07769423558897243,0.06265664160401002,0.14035087719298245,Other Kreise,2019
01003,"      Lübeck, kreisfreie Stadt, Hansestadt",216530.0,50535.0,0.23338567404054866,9,4.156467925922505,0.6666666666666666,0.07769423558897243,0.744360902255639,Other Kreise,2019
01004,"      Neumünster, kreisfreie Stadt",80196.0,18124.0,0.22599630904284504,3,3.7408349543618136,0.5664160401002506,0.11027568922305764,0.6766917293233082,Other Kreise,2019
01051,"      Dithmarschen, Kreis",133193.0,33300.0,0.25001313882861714,3,2.252370620077632,0.8145363408521303,0.39598997493734334,1.2105263157894737,Other Kreise,2019
01053,"      Herzogtum Lauenburg, Kreis",198019.0,44518.0,0.22481681050808255,5,2.5250102262914162,0.5463659147869674,0.2907268170426065,0.8370927318295739,Other Kreise,2019
01054,"      Nordfriesland, Kreis",165951.0,40431.0,0.2436321564799248,6,3.6155250646275108,0.7669172932330827,0.12531328320802004,0.8922305764411027,Other Kreise,2019
01055,"      Ostholstein, Kreis",200539.0,55727.0,0.27788609696866945,14,6.981185704526302,0.9298245614035088,0.007518796992481203,0.93734335839599,Other Kreise,2019
01056,"      Pinneberg, Kreis",316103.0,70165.0,0.22196878865433103,3,0.9490577438366609,0.506265664160401,0.8671679197994987,1.3734335839598997,Other Kreise,2019
01057,"      Plön, Kreis",128686.0,33980.0,0.26405358780286897,5,3.8854265421257947,0.8947368421052632,0.09273182957393483,0.987468671679198,Other Kreise,2019
01058,"      Rendsburg-Eckernförde, Kreis",274098.0,65039.0,0.23728374522980833,5,1.8241650796430473,0.7142857142857143,0.5614035087719298,1.2756892230576442,Other Kreise,2019
01059,"      Schleswig-Flensburg, Kreis",201156.0,48430.0,0.24075841635347692,4,1.98850643281831,0.7368421052631579,0.49624060150375937,1.2330827067669172,Other Kreise,2019
01060,"      Segeberg, Kreis",277175.0,60849.0,0.2195327861459367,8,2.886263191124741,0.46365914786967416,0.21553884711779447,0.6791979949874687,Other Kreise,2019
01061,"      Steinburg, Kreis",131013.0,30048.0,0.22935128575026906,1,0.7632830329814598,0.6190476190476191,0.9298245614035088,1.5488721804511278,Other Kreise,2019
01062,"      Stormarn, Kreis",244156.0,56969.0,0.2333303297891512,6,2.4574452399285702,0.6641604010025063,0.3107769423558897,0.974937343358396,Other Kreise,2019
03101,"      Braunschweig, kreisfreie Stadt",249406.0,52375.0,0.20999895752307482,5,2.004763317642719,0.2882205513784461,0.48370927318295737,0.7719298245614035,Other Kreise,2019
03102,"      Salzgitter, kreisfreie Stadt",104291.0,23976.0,0.22989519709275008,2,1.917711020126377,0.6265664160401002,0.5238095238095238,1.150375939849624,Other Kreise,2019
03103,"      Wolfsburg, kreisfreie Stadt",124371.0,27639.0,0.2222302626818149,1,0.8040459592670317,0.5112781954887218,0.9122807017543859,1.4235588972431077,Other Kreise,2019
03151,"      Gifhorn, Landkreis",176523.0,35789.0,0.20274411833018927,2,1.132996833273851,0.19548872180451127,0.8195488721804511,1.0150375939849625,Other Kreise,2019
03153,"      Goslar, Landkreis",136292.0,37388.0,0.2743227775658146,5,3.668593901329498,0.9223057644110275,0.11528822055137844,1.037593984962406,Other Kreise,2019
03154,"      Helmstedt, Landkreis",91297.0,21514.0,0.23564848790212164,1,1.0953262429214543,0.6892230576441103,0.8295739348370927,1.518796992481203,Other Kreise,2019
03155,"      Northeim, Landkreis",132285.0,33887.0,0.2561666099708962,3,2.2678308198208414,0.8421052631578947,0.38345864661654133,1.225563909774436,Other Kreise,2019
03157,"      Peine, Landkreis",134801.0,28997.0,0.21510968019525079,1,0.7418342593897671,0.37844611528822053,0.9348370927318296,1.31328320802005,Other Kreise,2019
03158,"      Wolfenbüttel, Landkreis",119622.0,28608.0,0.23915333299894667,1,0.8359666282122017,0.7268170426065163,0.9047619047619048,1.631578947368421,Other Kreise,2019
03159,"      Göttingen, Landkreis",326041.0,74318.0,0.22794065777003505,12,3.6805187077698815,0.5989974937343359,0.11278195488721804,0.7117794486215538,Other Kreise,2019
03241,"      Region Hannover, Landkreis",1157115.0,245597.0,0.21224943069617108,20,1.728436672240875,0.3258145363408521,0.6140350877192983,0.9398496240601504,Other Kreise,2019
03251,"      Diepholz, Landkreis",217089.0,49091.0,0.2261330606341178,3,1.38192170031646,0.5714285714285714,0.7293233082706767,1.300751879699248,Other Kreise,2019
03252,"      Hameln-Pyrmont, Landkreis",148549.0,37849.0,0.2547913483093121,8,5.385428377168476,0.8320802005012531,0.03508771929824561,0.8671679197994987,Other Kreise,2019
03254,"      Hildesheim, Landkreis",275817.0,64805.0,0.23495651101998788,5,1.8127961655735505,0.6842105263157895,0.5639097744360902,1.2481203007518797,Other Kreise,2019
03255,"      Holzminden, Landkreis",70458.0,18735.0,0.26590309120327005,2,2.8385704958982654,0.9047619047619048,0.22556390977443608,1.1303258145363408,Other Kreise,2019
03256,"      Nienburg (Weser), Landkreis",121390.0,27356.0,0.22535628964494603,2,1.6475821731608866,0.5538847117794486,0.6290726817042607,1.1829573934837092,Other Kreise,2019
03257,"      Schaumburg, Landkreis",157820.0,38955.0,0.24683183373463438,3,1.9008997592193637,0.7944862155388471,0.531328320802005,1.325814536340852,Other Kreise,2019
03351,"      Celle, Landkreis",179011.0,42292.0,0.23625363804458943,2,1.1172497779466066,0.6992481203007519,0.8270676691729323,1.526315789473684,Other Kreise,2019
03352,"      Cuxhaven, Landkreis",198038.0,50615.0,0.2555822619901231,4,2.0198143790585643,0.8370927318295739,0.47619047619047616,1.31328320802005,Other Kreise,2019
03353,"      Harburg, Landkreis",254431.0,57060.0,0.22426512492581485,3,1.1791016031851465,0.5388471177944862,0.7994987468671679,1.3383458646616542,Other Kreise,2019
03354,"      Lüchow-Dannenberg, Landkreis",48412.0,13613.0,0.2811906138973808,1,2.0656035693629677,0.9423558897243107,0.45363408521303256,1.3959899749373432,Other Kreise,2019
03355,"      Lüneburg, Landkreis",184139.0,37468.0,0.20347672138981965,4,2.172272033626771,0.20300751879699247,0.42105263157894735,0.6240601503759398,Other Kreise,2019
03356,"      Osterholz, Landkreis",113928.0,26892.0,0.23604381714767222,2,1.755494698406011,0.6942355889724311,0.6015037593984962,1.2957393483709274,Other Kreise,2019
03357,"      Rotenburg (Wümme), Landkreis",163782.0,35109.0,0.21436421584789536,2,1.2211354117058042,0.3634085213032581,0.7844611528822055,1.1478696741854637,Other Kreise,2019
03358,      Heidekreis,140673.0,31699.0,0.2253381956736545,4,2.8434738720294583,0.5513784461152882,0.22305764411027568,0.7744360902255638,Other Kreise,2019
03359,"      Stade, Landkreis",204512.0,44171.0,0.21598243623846033,4,1.9558754498513533,0.40601503759398494,0.5037593984962406,0.9097744360902256,Other Kreise,2019
03360,"      Uelzen, Landkreis",92389.0,23673.0,0.2562318024873091,6,6.494279622032925,0.8446115288220551,0.012531328320802004,0.8571428571428572,Other Kreise,2019
03361,"      Verden, Landkreis",137133.0,30976.0,0.22588290200024794,2,1.4584381585759811,0.5614035087719298,0.7017543859649122,1.263157894736842,Other Kreise,2019
03401,"      Delmenhorst, kreisfreie Stadt",77559.0,17097.0,0.22043863381425755,1,1.2893410178057993,0.48370927318295737,0.7593984962406015,1.2431077694235588,Other Kreise,2019
03402,"      Emden, kreisfreie Stadt",49913.0,10744.0,0.2152545429046541,1,2.0034860657544127,0.38095238095238093,0.48872180451127817,0.8696741854636592,Other Kreise,2019
03403,"      Oldenburg (Oldenburg), kreisfreie Stadt",169077.0,32332.0,0.19122648260851566,3,1.7743395021203356,0.09022556390977443,0.581453634085213,0.6716791979949874,Other Kreise,2019
03404,"      Osnabrück, kreisfreie Stadt",165251.0,30776.0,0.1862379047630574,6,3.630840358000859,0.07017543859649122,0.12030075187969924,0.19047619047619047,Other Kreise,2019
03405,"      Wilhelmshaven, kreisfreie Stadt",76089.0,19799.0,0.2602084401161797,1,1.3142504172745073,0.8596491228070176,0.7493734335839599,1.6090225563909775,Other Kreise,2019
03451,"      Ammerland, Landkreis",124859.0,29155.0,0.2335033918259797,4,3.203613676226784,0.6691729323308271,0.15538847117794485,0.8245614035087719,Other Kreise,2019
03452,"      Aurich, Landkreis",189694.0,44093.0,0.23244277626071463,3,1.581494406781448,0.656641604010025,0.6466165413533834,1.3032581453634084,Other Kreise,2019
03453,"      Cloppenburg, Landkreis",170682.0,28368.0,0.1662038176257602,3,1.7576545857208141,0.015037593984962405,0.5964912280701754,0.6115288220551378,Other Kreise,2019
03454,"      Emsland, Landkreis",326954.0,62944.0,0.19251637845079125,7,2.1409739596395823,0.09523809523809523,0.43107769423558895,0.5263157894736842,Other Kreise,2019
03455,"      Friesland, Landkreis",98704.0,25980.0,0.26321121737720865,2,2.026260333927703,0.8897243107769424,0.46616541353383456,1.355889724310777,Other Kreise,2019
03456,"      Grafschaft Bentheim, Landkreis",137162.0,28515.0,0.2078928566220965,4,2.9162596054300756,0.2606516290726817,0.20551378446115287,0.46616541353383456,Other Kreise,2019
03457,"      Leer, Landkreis",170756.0,36783.0,0.21541263557356696,4,2.342523835180023,0.38847117794486213,0.3458646616541353,0.7343358395989974,Other Kreise,2019
03458,"      Oldenburg, Landkreis",130890.0,28212.0,0.21553976621590648,3,2.292000916800367,0.39097744360902253,0.38095238095238093,0.7719298245614035,Other Kreise,2019
03459,"      Osnabrück, Landkreis",358080.0,75186.0,0.20996983914209116,10,2.7926720285969617,0.2857142857142857,0.23558897243107768,0.5213032581453634,Other Kreise,2019
03460,"      Vechta, Landkreis",142814.0,23473.0,0.16436063691234754,4,2.8008458554483453,0.010025062656641603,0.22807017543859648,0.23809523809523808,Other Kreise,2019
03461,"      Wesermarsch, Landkreis",88583.0,21019.0,0.23728029080071797,2,2.257769549462086,0.7117794486215538,0.39348370927318294,1.1052631578947367,Other Kreise,2019
03462,"      Wittmund, Landkreis",56926.0,14136.0,0.24832238344517443,1,1.7566665495555633,0.8120300751879699,0.5989974937343359,1.4110275689223057,Other Kreise,2019
04011,"      Bremen, kreisfreie Stadt",567559.0,118975.0,0.20962578339873036,7,1.23335195107469,0.2756892230576441,0.7794486215538847,1.055137844611529,Other Kreise,2019
04012,"      Bremerhaven, kreisfreie Stadt",113643.0,24978.0,0.21979356405585915,2,1.759897222002235,0.47619047619047616,0.5889724310776943,1.0651629072681703,Other Kreise,2019
05111,"      Düsseldorf, kreisfreie Stadt",621877.0,119762.0,0.1925814911952042,12,1.9296420353220973,0.10025062656641603,0.518796992481203,0.6190476190476191,Other Kreise,2019
05112,"      Duisburg, kreisfreie Stadt",498686.0,101934.0,0.2044051768046426,7,1.4036888944145214,0.21553884711779447,0.7268170426065163,0.9423558897243107,Other Kreise,2019
05113,"      Essen, kreisfreie Stadt",582760.0,126634.0,0.217300432425012,11,1.8875694968769305,0.43107769423558895,0.5363408521303258,0.9674185463659147,Other Kreise,2019
05114,"      Krefeld, kreisfreie Stadt",227417.0,49948.0,0.2196317777474859,4,1.7588834607790975,0.46867167919799496,0.5914786967418546,1.0601503759398496,Other Kreise,2019
05116,"      Mönchengladbach, kreisfreie Stadt",261034.0,54947.0,0.2104974830864945,5,1.9154592888282753,0.2957393483709273,0.5263157894736842,0.8220551378446115,Other Kreise,2019
05117,"      Mülheim an der Ruhr, kreisfreie Stadt",170632.0,40772.0,0.23894697360401332,2,1.1721130854704862,0.7243107769423559,0.8045112781954887,1.5288220551378446,Other Kreise,2019
05119,"      Oberhausen, kreisfreie Stadt",210764.0,46530.0,0.2207682526427663,3,1.4233929893150632,0.48621553884711777,0.7142857142857143,1.200501253132832,Other Kreise,2019
05120,"      Remscheid, kreisfreie Stadt",111338.0,24706.0,0.22190087840629436,3,2.6944978354200724,0.5037593984962406,0.2606516290726817,0.7644110275689223,Other Kreise,2019
05122,"      Solingen, kreisfreie Stadt",159245.0,34124.0,0.2142861628308581,4,2.511852805425602,0.3583959899749373,0.2982456140350877,0.656641604010025,Other Kreise,2019
05124,"      Wuppertal, kreisfreie Stadt",355100.0,73862.0,0.20800337932976626,3,0.8448324415657562,0.2656641604010025,0.9022556390977443,1.1679197994987467,Other Kreise,2019
05154,"      Kleve, Kreis",312465.0,65313.0,0.20902501080120975,7,2.2402509081017072,0.2706766917293233,0.39849624060150374,0.6691729323308271,Other Kreise,2019
05158,"      Mettmann, Kreis",485570.0,116363.0,0.23964207014436642,11,2.2653788331239575,0.7343358395989975,0.38847117794486213,1.1228070175438596,Other Kreise,2019
05162,      Rhein-Kreis Neuss,451730.0,99784.0,0.22089301131206696,7,1.549598211320922,0.48872180451127817,0.6591478696741855,1.1478696741854637,Other Kreise,2019
05166,"      Viersen, Kreis",298863.0,67052.0,0.22435697961942427,7,2.3422103104097864,0.5413533834586466,0.3483709273182957,0.8897243107769424,Other Kreise,2019
05170,"      Wesel, Kreis",459976.0,108783.0,0.23649712158895247,7,1.5218185296624172,0.7092731829573935,0.6741854636591479,1.3834586466165413,Other Kreise,2019
05314,"      Bonn, kreisfreie Stadt",329673.0,59594.0,0.18076700245394678,9,2.729977887179114,0.05012531328320802,0.2506265664160401,0.3007518796992481,Other Kreise,2019
05315,"      Köln, kreisfreie Stadt",1087863.0,189421.0,0.1741221091258734,22,2.0223134714573434,0.03007518796992481,0.47368421052631576,0.5037593984962405,Other Kreise,2019
05316,"      Leverkusen, kreisfreie Stadt",163729.0,35467.0,0.2166201467058371,2,1.2215307001203208,0.41854636591478694,0.7819548872180451,1.200501253132832,Other Kreise,2019
05334,"      Städteregion Aachen, Kreis",557026.0,113845.0,0.20438004689188655,9,1.6157235030321744,0.21303258145363407,0.6365914786967418,0.849624060150376,Other Kreise,2019
05358,"      Düren, Kreis",264638.0,56914.0,0.2150635963089201,6,2.267248089843484,0.37593984962406013,0.38596491228070173,0.7619047619047619,Other Kreise,2019
05362,      Rhein-Erft-Kreis,470615.0,101443.0,0.2155541153596889,7,1.4874154032489402,0.39598997493734334,0.6917293233082706,1.0877192982456139,Other Kreise,2019
05366,"      Euskirchen, Kreis",193656.0,42476.0,0.21933738174908085,3,1.5491386788945345,0.45864661654135336,0.6616541353383458,1.1203007518796992,Other Kreise,2019
05370,"      Heinsberg, Kreis",255555.0,54072.0,0.21158654692727594,4,1.5652207939582476,0.3157894736842105,0.6516290726817042,0.9674185463659147,Other Kreise,2019
05374,      Oberbergischer Kreis,272057.0,58470.0,0.2149181972895386,5,1.8378501564010483,0.37343358395989973,0.556390977443609,0.9298245614035088,Other Kreise,2019
05378,      Rheinisch-Bergischer Kreis,283271.0,66292.0,0.23402324982084294,4,1.4120753624620945,0.6741854636591479,0.7218045112781954,1.3959899749373434,Other Kreise,2019
05382,      Rhein-Sieg-Kreis,600764.0,130043.0,0.21646270415670713,6,0.9987282859825156,0.40852130325814534,0.8571428571428571,1.2656641604010024,Other Kreise,2019
05512,"      Bottrop, kreisfreie Stadt",117565.0,26586.0,0.22613873176540636,2,1.7011865776379025,0.5739348370927319,0.6165413533834586,1.1904761904761905,Other Kreise,2019
05513,"      Gelsenkirchen, kreisfreie Stadt",259645.0,53863.0,0.2074486317857074,5,1.9257062527682025,0.2531328320802005,0.5213032581453634,0.7744360902255638,Other Kreise,2019
05515,"      Münster, kreisfreie Stadt",315293.0,54542.0,0.17298829977195815,9,2.8544877304602383,0.02756892230576441,0.22055137844611528,0.24812030075187969,Other Kreise,2019
05554,"      Borken, Kreis",371339.0,71497.0,0.1925383544416288,7,1.8850699764904846,0.09774436090225563,0.5388471177944862,0.6365914786967419,Other Kreise,2019
05558,"      Coesfeld, Kreis",220586.0,46574.0,0.21113760619440944,3,1.3600137814729856,0.3082706766917293,0.7343358395989975,1.0426065162907268,Other Kreise,2019
05562,"      Recklinghausen, Kreis",614137.0,141753.0,0.23081657675730333,12,1.9539614125187053,0.6390977443609023,0.506265664160401,1.1453634085213031,Other Kreise,2019
05566,"      Steinfurt, Kreis",448220.0,90056.0,0.2009191914684753,8,1.7848378028646648,0.17293233082706766,0.5764411027568922,0.7493734335839599,Other Kreise,2019
05570,"      Warendorf, Kreis",277840.0,59423.0,0.21387489202418658,5,1.7995968902965735,0.3533834586466165,0.568922305764411,0.9223057644110275,Other Kreise,2019
05711,"      Bielefeld, kreisfreie Stadt",334195.0,66711.0,0.19961699008064154,5,1.496132497493978,0.15789473684210525,0.681704260651629,0.8395989974937343,Other Kreise,2019
05754,"      Gütersloh, Kreis",364938.0,72154.0,0.19771577637845333,3,0.8220574453742827,0.14536340852130325,0.9072681704260651,1.0526315789473684,Other Kreise,2019
05758,"      Herford, Kreis",250578.0,55848.0,0.22287670904867946,3,1.1972319996168859,0.5238095238095238,0.7894736842105263,1.3132832080200503,Other Kreise,2019
05762,"      Höxter, Kreis",140251.0,32251.0,0.22995201460239142,2,1.4260147877733491,0.6290726817042607,0.7117794486215538,1.3408521303258145,Other Kreise,2019
05766,"      Lippe, Kreis",347514.0,78729.0,0.2265491462214472,5,1.4387909551845393,0.5789473684210527,0.706766917293233,1.2857142857142856,Other Kreise,2019
05770,"      Minden-Lübbecke, Kreis",310409.0,68722.0,0.22139177665596035,8,2.5772448608126695,0.49624060150375937,0.2807017543859649,0.7769423558897243,Other Kreise,2019
05774,"      Paderborn, Kreis",307839.0,56551.0,0.18370316951393423,5,1.6242256504211616,0.05764411027568922,0.6340852130325815,0.6917293233082706,Other Kreise,2019
05911,"      Bochum, kreisfreie Stadt",365587.0,81033.0,0.22165175457551828,7,1.9147289154154825,0.5012531328320802,0.5288220551378446,1.0300751879699248,Other Kreise,2019
05913,"      Dortmund, kreisfreie Stadt",588250.0,120966.0,0.20563705907352317,10,1.6999575010624735,0.23308270676691728,0.6190476190476191,0.8521303258145363,Other Kreise,2019
05914,"      Hagen, kreisfreie Stadt",188686.0,42028.0,0.22274042589275303,4,2.1199241067169794,0.5213032581453634,0.43859649122807015,0.9598997493734336,Other Kreise,2019
05915,"      Hamm, kreisfreie Stadt",179916.0,37746.0,0.2097979056893217,5,2.7790746792947822,0.2807017543859649,0.24310776942355888,0.5238095238095237,Other Kreise,2019
05916,"      Herne, kreisfreie Stadt",156449.0,34264.0,0.21901066801321836,5,3.1959296639799555,0.45614035087719296,0.15789473684210525,0.6140350877192982,Other Kreise,2019
05954,      Ennepe-Ruhr-Kreis,324106.0,77398.0,0.23880458862224088,7,2.1597872301037313,0.7218045112781954,0.42606516290726815,1.1478696741854635,Other Kreise,2019
05958,      Hochsauerlandkreis,259777.0,57956.0,0.22309904264041852,10,3.8494554945202997,0.5263157894736842,0.09523809523809523,0.6215538847117794,Other Kreise,2019
05962,      Märkischer Kreis,410222.0,91222.0,0.22237227647468932,11,2.681474908707968,0.5137844611528822,0.2656641604010025,0.7794486215538847,Other Kreise,2019
05966,"      Olpe, Kreis",133955.0,27487.0,0.2051957747004591,2,1.4930387070284796,0.22556390977443608,0.6867167919799498,0.9122807017543859,Other Kreise,2019
05970,"      Siegen-Wittgenstein, Kreis",276944.0,60324.0,0.2178202091397539,5,1.8054191461089608,0.43859649122807015,0.5664160401002506,1.0050125313283207,Other Kreise,2019
05974,"      Soest, Kreis",301785.0,65124.0,0.21579601371837567,9,2.982255579303146,0.40350877192982454,0.19799498746867167,0.6015037593984962,Other Kreise,2019
05978,"      Unna, Kreis",394891.0,90752.0,0.22981531612520922,7,1.7726410579121834,0.6240601503759399,0.5839598997493735,1.2080200501253133,Other Kreise,2019
06411,"      Darmstadt, kreisfreie Stadt, Wissenschaftsstadt",159878.0,27616.0,0.17273170792729456,5,3.1273846307809703,0.02506265664160401,0.18295739348370926,0.20802005012531327,Other Kreise,2019
06412,"      Frankfurt am Main, kreisfreie Stadt",763380.0,119023.0,0.15591579554088397,12,1.5719562996148706,0.002506265664160401,0.6491228070175439,0.6516290726817042,Other Kreise,2019
06413,"      Offenbach am Main, kreisfreie Stadt",130280.0,21305.0,0.16353239177156892,3,2.302732575990175,0.007518796992481203,0.37593984962406013,0.38345864661654133,Other Kreise,2019
06414,"      Wiesbaden, kreisfreie Stadt, Landeshauptstadt",278474.0,55901.0,0.2007404641007778,6,2.154599711283639,0.17042606516290726,0.42857142857142855,0.5989974937343359,Other Kreise,2019
06431,"      Bergstraße, Landkreis",270340.0,60768.0,0.22478360582969595,6,2.2194273877339645,0.543859649122807,0.40350877192982454,0.9473684210526316,Other Kreise,2019
06432,"      Darmstadt-Dieburg, Landkreis",297844.0,62531.0,0.20994547481231784,1,0.33574622956984196,0.2832080200501253,0.9849624060150376,1.268170426065163,Other Kreise,2019
06433,"      Groß-Gerau, Landkreis",275726.0,53326.0,0.1934021456083213,3,1.0880366740894947,0.10776942355889724,0.8320802005012531,0.9398496240601504,Other Kreise,2019
06434,      Hochtaunuskreis,236914.0,53807.0,0.2271161687363347,8,3.376752745722076,0.5864661654135338,0.14285714285714285,0.7293233082706767,Other Kreise,2019
06435,      Main-Kinzig-Kreis,420552.0,91356.0,0.2172287850253952,5,1.1889136182921494,0.42857142857142855,0.7919799498746867,1.2205513784461153,Other Kreise,2019
06436,      Main-Taunus-Kreis,238558.0,50593.0,0.21207840441318254,3,1.257555814518901,0.3233082706766917,0.7744360902255639,1.0977443609022557,Other Kreise,2019
06437,      Odenwaldkreis,96703.0,23154.0,0.2394341437183955,3,3.1022822456387082,0.731829573934837,0.19047619047619047,0.9223057644110275,Other Kreise,2019
06438,"      Offenbach, Landkreis",355813.0,75693.0,0.21273253085188007,2,0.562093009530287,0.3283208020050125,0.9674185463659147,1.2957393483709272,Other Kreise,2019
06439,      Rheingau-Taunus-Kreis,187160.0,43360.0,0.2316734344945501,4,2.137208805300278,0.6441102756892231,0.43358395989974935,1.0776942355889725,Other Kreise,2019
06440,      Wetteraukreis,308339.0,65775.0,0.2133204038412267,6,1.9459101832723076,0.3433583959899749,0.5087719298245614,0.8521303258145363,Other Kreise,2019
06531,"      Gießen, Landkreis",270688.0,52889.0,0.19538730937463056,5,1.8471450526066913,0.13032581453634084,0.5538847117794486,0.6842105263157895,Other Kreise,2019
06532,      Lahn-Dill-Kreis,253319.0,56665.0,0.22369028773996424,8,3.158073417311769,0.5288220551378446,0.17293233082706766,0.7017543859649122,Other Kreise,2019
06533,"      Limburg-Weilburg, Landkreis",171912.0,37531.0,0.21831518451300666,4,2.326771836753688,0.44611528822055135,0.3609022556390977,0.8070175438596491,Other Kreise,2019
06534,"      Marburg-Biedenkopf, Landkreis",247084.0,49023.0,0.19840621003383466,5,2.023603308996131,0.15288220551378445,0.46867167919799496,0.6215538847117794,Other Kreise,2019
06535,      Vogelsbergkreis,105643.0,25977.0,0.24589419081245326,5,4.7329212536561815,0.7894736842105263,0.047619047619047616,0.837092731829574,Other Kreise,2019
06611,"      Kassel, kreisfreie Stadt, documenta-Stadt",202137.0,39653.0,0.19616893493027007,8,3.9577118488945615,0.13533834586466165,0.08020050125313283,0.21553884711779447,Other Kreise,2019
06631,"      Fulda, Landkreis",223145.0,47558.0,0.2131259943086334,6,2.688834614264268,0.3408521303258145,0.2631578947368421,0.6040100250626566,Other Kreise,2019
06632,"      Hersfeld-Rotenburg, Landkreis",120719.0,29305.0,0.2427538332822505,4,3.313480065275557,0.7518796992481203,0.14786967418546365,0.899749373433584,Other Kreise,2019
06633,"      Kassel, Landkreis",236764.0,59347.0,0.2506588839519521,5,2.111807538308189,0.8170426065162907,0.44110275689223055,1.2581453634085213,Other Kreise,2019
06634,      Schwalm-Eder-Kreis,179673.0,42291.0,0.23537760264480473,5,2.782833258196835,0.6867167919799498,0.24060150375939848,0.9273182957393483,Other Kreise,2019
06635,"      Waldeck-Frankenberg, Landkreis",156406.0,36668.0,0.23444113397184252,11,7.032978274490749,0.681704260651629,0.005012531328320802,0.6867167919799498,Other Kreise,2019
06636,      Werra-Meißner-Kreis,100629.0,25993.0,0.2583052599151338,2,1.9874986335946894,0.8546365914786967,0.49874686716791977,1.3533834586466165,Other Kreise,2019
07111,"      Koblenz, kreisfreie Stadt",114052.0,24834.0,0.21774278399326624,4,3.507172167081682,0.43609022556390975,0.13533834586466165,0.5714285714285714,Other Kreise,2019
07131,"      Ahrweiler, Landkreis",130086.0,32301.0,0.24830496748304967,6,4.612333379456667,0.8095238095238095,0.05012531328320802,0.8596491228070176,Other Kreise,2019
07132,"      Altenkirchen (Westerwald), Landkreis",128805.0,29051.0,0.22554248670470867,2,1.552734754085633,0.556390977443609,0.656641604010025,1.213032581453634,Other Kreise,2019
07133,"      Bad Kreuznach, Landkreis",158345.0,37432.0,0.2363952129843064,5,3.157662067005589,0.706766917293233,0.17543859649122806,0.8822055137844611,Other Kreise,2019
07134,"      Birkenfeld, Landkreis",80951.0,19754.0,0.24402416276512953,2,2.4706303813417994,0.7769423558897243,0.3082706766917293,1.0852130325814535,Other Kreise,2019
07135,"      Cochem-Zell, Landkreis",61375.0,15173.0,0.24721792260692466,3,4.887983706720977,0.8020050125313283,0.042606516290726815,0.844611528822055,Other Kreise,2019
07137,"      Mayen-Koblenz, Landkreis",214434.0,47647.0,0.2221989050243898,4,1.865375826594663,0.5087719298245614,0.5513784461152882,1.0601503759398496,Other Kreise,2019
07138,"      Neuwied, Landkreis",182811.0,40983.0,0.2241823522654545,6,3.28207821192379,0.5363408521303258,0.15037593984962405,0.6867167919799498,Other Kreise,2019
07140,      Rhein-Hunsrück-Kreis,103163.0,23796.0,0.23066409468510998,2,1.9386795653480415,0.6340852130325815,0.5137844611528822,1.1478696741854637,Other Kreise,2019
07141,      Rhein-Lahn-Kreis,122297.0,28875.0,0.23610554633392478,6,4.906089274471165,0.6967418546365914,0.040100250626566414,0.7368421052631579,Other Kreise,2019
07143,      Westerwaldkreis,201904.0,43277.0,0.21434444092241858,2,0.9905697757350028,0.3609022556390977,0.8596491228070176,1.2205513784461153,Other Kreise,2019
07211,"      Trier, kreisfreie Stadt",111528.0,19806.0,0.17758769098343016,2,1.7932716447887525,0.045112781954887216,0.5739348370927319,0.6190476190476191,Other Kreise,2019
07231,"      Bernkastel-Wittlich, Landkreis",112483.0,26079.0,0.231848368197861,1,0.8890232301770046,0.6466165413533834,0.8897243107769424,1.536340852130326,Other Kreise,2019
07232,      Eifelkreis Bitburg-Prüm,99058.0,20695.0,0.20891800763189242,2,2.0190191604918333,0.2681704260651629,0.47869674185463656,0.7468671679197995,Other Kreise,2019
07233,"      Vulkaneifel, Landkreis",60646.0,14987.0,0.2471226461761699,1,1.6489133660917454,0.7994987468671679,0.6265664160401002,1.426065162907268,Other Kreise,2019
07235,"      Trier-Saarburg, Landkreis",149398.0,31533.0,0.21106708255799944,2,1.3387060067738523,0.3032581453634085,0.7393483709273183,1.0426065162907268,Other Kreise,2019
07311,"      Frankenthal (Pfalz), kreisfreie Stadt",48762.0,11159.0,0.22884623272220173,1,2.050777244575694,0.6115288220551378,0.46115288220551376,1.0726817042606516,Other Kreise,2019
07312,"      Kaiserslautern, kreisfreie Stadt",100030.0,20436.0,0.20429871038688394,2,1.9994001799460164,0.21052631578947367,0.49373433583959897,0.7042606516290726,Other Kreise,2019
07313,"      Landau in der Pfalz, kreisfreie Stadt",46881.0,9123.0,0.1945990913163115,2,4.266120603229454,0.12280701754385964,0.07017543859649122,0.19298245614035087,Other Kreise,2019
07314,"      Ludwigshafen am Rhein, kreisfreie Stadt",172253.0,32403.0,0.18811283402901546,4,2.3221656516867633,0.08521303258145363,0.3634085213032581,0.44862155388471175,Other Kreise,2019
07315,"      Mainz, kreisfreie Stadt",218578.0,38411.0,0.17573131788194604,4,1.8300103395584186,0.03508771929824561,0.5588972431077694,0.5939849624060151,Other Kreise,2019
07316,"      Neustadt an der Weinstraße, kreisfreie Stadt",53264.0,13122.0,0.246357765094623,1,1.8774406728747373,0.7919799498746867,0.5488721804511278,1.3408521303258145,Other Kreise,2019
07317,"      Pirmasens, kreisfreie Stadt",40231.0,10370.0,0.2577614277547165,1,2.485645397827546,0.8521303258145363,0.3057644110275689,1.1578947368421053,Other Kreise,2019
07318,"      Speyer, kreisfreie Stadt",50561.0,11601.0,0.22944562014200667,2,3.9556179664168036,0.6215538847117794,0.08270676691729323,0.7042606516290726,Other Kreise,2019
07319,"      Worms, kreisfreie Stadt",83542.0,17182.0,0.20566900481195088,2,2.3940054104522277,0.23558897243107768,0.3308270676691729,0.5664160401002506,Other Kreise,2019
07320,"      Zweibrücken, kreisfreie Stadt",34193.0,8010.0,0.2342584739566578,0,0.0,0.6791979949874687,0.993734335839599,2.932330827067669,Most problematic (top 5),2019
07331,"      Alzey-Worms, Landkreis",129687.0,26534.0,0.20460030689274947,2,1.5421746204322715,0.22055137844611528,0.6641604010025063,0.8847117794486216,Other Kreise,2019
07332,"      Bad Dürkheim, Landkreis",132671.0,32488.0,0.2448764236344039,3,2.2612326733046406,0.7819548872180451,0.39097744360902253,1.1729323308270676,Other Kreise,2019
07333,      Donnersbergkreis,75325.0,16666.0,0.2212545635579157,1,1.3275804845668768,0.49373433583959897,0.7443609022556391,1.2380952380952381,Other Kreise,2019
07334,"      Germersheim, Landkreis",129013.0,26061.0,0.2020028989326657,1,0.7751156860161379,0.19298245614035087,0.9223057644110275,1.1152882205513783,Other Kreise,2019
07335,"      Kaiserslautern, Landkreis",105979.0,23287.0,0.21973221109842517,1,0.9435831627020448,0.47368421052631576,0.8696741854636592,1.3433583959899749,Other Kreise,2019
07336,"      Kusel, Landkreis",70219.0,17114.0,0.24372320881812615,0,0.0,0.7694235588972431,0.993734335839599,2.932330827067669,Most problematic (top 5),2019
07337,"      Südliche Weinstraße, Landkreis",110521.0,26058.0,0.23577419675898698,3,2.7144162647822583,0.6917293233082706,0.2556390977443609,0.9473684210526315,Other Kreise,2019
07338,      Rhein-Pfalz-Kreis,154609.0,35325.0,0.22847958398282117,0,0.0,0.606516290726817,0.993734335839599,2.932330827067669,Most problematic (top 5),2019
07339,"      Mainz-Bingen, Landkreis",211417.0,44499.0,0.21047976274377178,3,1.4189965802182416,0.2932330827067669,0.7192982456140351,1.012531328320802,Other Kreise,2019
07340,"      Südwestpfalz, Landkreis",94831.0,24237.0,0.2555809809028693,2,2.109014984551465,0.8345864661654135,0.44611528822055135,1.280701754385965,Other Kreise,2019
08111,"      Stuttgart, Stadtkreis",635911.0,113847.0,0.1790297698891826,15,2.358820652575596,0.047619047619047616,0.3408521303258145,0.38847117794486213,Other Kreise,2019
08115,"      Böblingen, Landkreis",392807.0,78591.0,0.20007535507259291,3,0.7637338438469783,0.16541353383458646,0.9273182957393483,1.0927318295739348,Other Kreise,2019
08116,"      Esslingen, Landkreis",535024.0,109892.0,0.20539639343281796,6,1.1214450192888543,0.22807017543859648,0.8220551378446115,1.050125313283208,Other Kreise,2019
08117,"      Göppingen, Landkreis",258145.0,56002.0,0.2169400918088671,3,1.16213755834899,0.42606516290726815,0.8095238095238095,1.2355889724310778,Other Kreise,2019
08118,"      Ludwigsburg, Landkreis",545423.0,108675.0,0.1992490232351771,5,0.9167196836217028,0.15538847117794485,0.8771929824561403,1.0325814536340852,Other Kreise,2019
08119,"      Rems-Murr-Kreis, Landkreis",427248.0,90563.0,0.21196822454405873,4,0.9362243942628168,0.3208020050125313,0.8721804511278195,1.1929824561403508,Other Kreise,2019
08121,"      Heilbronn, Stadtkreis",126592.0,24554.0,0.19396170374115268,4,3.159757330637007,0.11528822055137844,0.17042606516290726,0.2857142857142857,Other Kreise,2019
08125,"      Heilbronn, Landkreis",344456.0,66984.0,0.19446315349420534,4,1.1612513644703533,0.12030075187969924,0.8120300751879699,0.9323308270676691,Other Kreise,2019
08126,"      Hohenlohekreis, Landkreis",112655.0,22199.0,0.1970529492698948,1,0.8876658825618038,0.14285714285714285,0.8922305764411027,1.0350877192982455,Other Kreise,2019
08127,"      Schwäbisch Hall, Landkreis",196761.0,38448.0,0.19540457712656473,3,1.52469239330965,0.13283208020050125,0.6716791979949874,0.8045112781954886,Other Kreise,2019
08128,"      Main-Tauber-Kreis, Landkreis",132399.0,30227.0,0.22830232856743632,5,3.776463568455955,0.6040100250626567,0.10275689223057644,0.7067669172932332,Other Kreise,2019
08135,"      Heidenheim, Landkreis",132777.0,29141.0,0.21947325214457322,1,0.7531424870271206,0.46115288220551376,0.9323308270676691,1.3934837092731829,Other Kreise,2019
08136,"      Ostalbkreis, Landkreis",314025.0,65265.0,0.2078337711965608,4,1.2737839344001274,0.2581453634085213,0.7694235588972431,1.0275689223057645,Other Kreise,2019
08211,"      Baden-Baden, Stadtkreis",55185.0,14383.0,0.2606324182295914,3,5.436259853220983,0.8696741854636592,0.03258145363408521,0.9022556390977443,Other Kreise,2019
08212,"      Karlsruhe, Stadtkreis",312060.0,57887.0,0.18549958341344613,4,1.2818047811318336,0.06766917293233082,0.7644110275689223,0.8320802005012531,Other Kreise,2019
08215,"      Karlsruhe, Landkreis",445101.0,95215.0,0.2139177400185576,3,0.67400432710778,0.3558897243107769,0.9473684210526315,1.3032581453634084,Other Kreise,2019
08216,"      Rastatt, Landkreis",231420.0,50461.0,0.2180494339296517,2,0.8642295393656555,0.44110275689223055,0.8947368421052632,1.3358395989974938,Other Kreise,2019
08221,"      Heidelberg, Stadtkreis",161485.0,26676.0,0.16519181348112827,10,6.1925256215747595,0.012531328320802004,0.017543859649122806,0.03007518796992481,Other Kreise,2019
08222,"      Mannheim, Stadtkreis",310658.0,56994.0,0.18346219958925894,4,1.2875895679493203,0.05513784461152882,0.7619047619047619,0.8170426065162907,Other Kreise,2019
08225,"      Neckar-Odenwald-Kreis, Landkreis",143633.0,31402.0,0.21862663872508406,4,2.7848753420175028,0.45112781954887216,0.23809523809523808,0.6892230576441103,Other Kreise,2019
08226,"      Rhein-Neckar-Kreis, Landkreis",548355.0,118783.0,0.2166169725816305,5,0.911818074057864,0.41604010025062654,0.8822055137844611,1.2982456140350878,Other Kreise,2019
08231,"      Pforzheim, Stadtkreis",125957.0,25333.0,0.20112419317703661,4,3.175686940781378,0.17794486215538846,0.16040100250626566,0.3383458646616541,Other Kreise,2019
08235,"      Calw, Landkreis",159201.0,33549.0,0.2107336009195922,7,4.396957305544563,0.2982456140350877,0.06516290726817042,0.3634085213032581,Other Kreise,2019
08236,"      Enzkreis, Landkreis",199556.0,42659.0,0.21376956844194112,4,2.004449878730782,0.3458646616541353,0.48621553884711777,0.8320802005012531,Other Kreise,2019
08237,"      Freudenstadt, Landkreis",118243.0,24588.0,0.20794465634329304,2,1.6914320509459333,0.2631578947368421,0.6240601503759399,0.887218045112782,Other Kreise,2019
08311,"      Freiburg im Breisgau, Stadtkreis",231195.0,38497.0,0.1665131166331452,4,1.7301412227773092,0.017543859649122806,0.6115288220551378,0.6290726817042607,Other Kreise,2019
08315,"      Breisgau-Hochschwarzwald, Landkreis",263601.0,58232.0,0.2209096323610305,10,3.793612315583021,0.49122807017543857,0.09774436090225563,0.5889724310776943,Other Kreise,2019
08316,"      Emmendingen, Landkreis",166408.0,35441.0,0.21297653958944282,4,2.4037305898754866,0.3333333333333333,0.3233082706766917,0.656641604010025,Other Kreise,2019
08317,"      Ortenaukreis, Landkreis",430953.0,90984.0,0.21112279065234493,10,2.320438655723478,0.3057644110275689,0.3659147869674185,0.6716791979949874,Other Kreise,2019
08325,"      Rottweil, Landkreis",139878.0,29639.0,0.2118917914182359,4,2.8596348246328946,0.3182957393483709,0.21804511278195488,0.5363408521303258,Other Kreise,2019
08326,"      Schwarzwald-Baar-Kreis, Landkreis",212506.0,47608.0,0.2240313214685703,4,1.8822997938881725,0.531328320802005,0.543859649122807,1.0751879699248121,Other Kreise,2019
08327,"      Tuttlingen, Landkreis",140766.0,27713.0,0.1968728244036202,2,1.420797635792734,0.14035087719298245,0.7167919799498746,0.8571428571428571,Other Kreise,2019
08335,"      Konstanz, Landkreis",286305.0,60238.0,0.210398002130595,7,2.4449450760552556,0.2907268170426065,0.3132832080200501,0.6040100250626566,Other Kreise,2019
08336,"      Lörrach, Landkreis",228736.0,46999.0,0.20547268466703972,3,1.3115556799104644,0.23057644110275688,0.7543859649122807,0.9849624060150376,Other Kreise,2019
08337,"      Waldshut, Landkreis",171003.0,36688.0,0.2145459436384157,4,2.3391402490014794,0.3684210526315789,0.3583959899749373,0.7268170426065163,Other Kreise,2019
08415,"      Reutlingen, Landkreis",287034.0,59635.0,0.20776284342621432,6,2.090344697840674,0.2556390977443609,0.45112781954887216,0.706766917293233,Other Kreise,2019
08416,"      Tübingen, Landkreis",228678.0,40237.0,0.1759548360576881,5,2.1864805534419576,0.03759398496240601,0.41353383458646614,0.45112781954887216,Other Kreise,2019
08417,"      Zollernalbkreis, Landkreis",189363.0,42113.0,0.22239297011559808,3,1.5842588045183061,0.5162907268170426,0.6416040100250626,1.1578947368421053,Other Kreise,2019
08421,"      Ulm, Stadtkreis",126790.0,23397.0,0.18453348055840366,5,3.9435286694534266,0.06265664160401002,0.08521303258145363,0.14786967418546365,Other Kreise,2019
08425,"      Alb-Donau-Kreis, Landkreis",197076.0,38414.0,0.19491972639996752,4,2.0296738314152916,0.12531328320802004,0.46365914786967416,0.5889724310776943,Other Kreise,2019
08426,"      Biberach, Landkreis",201282.0,37863.0,0.1881092199004382,4,1.9872616528055167,0.08270676691729323,0.5012531328320802,0.5839598997493733,Other Kreise,2019
08435,"      Bodenseekreis, Landkreis",217470.0,49611.0,0.22812801765760796,5,2.2991677012921325,0.6015037593984962,0.37844611528822053,0.9799498746867168,Other Kreise,2019
08436,"      Ravensburg, Landkreis",285424.0,57041.0,0.1998465440887942,9,3.153203654913392,0.16040100250626566,0.17794486215538846,0.3383458646616541,Other Kreise,2019
08437,"      Sigmaringen, Landkreis",130849.0,27036.0,0.20661984424794994,2,1.5284793922765936,0.23809523809523808,0.6691729323308271,0.9072681704260652,Other Kreise,2019
09161,"      Ingolstadt, kreisfreie Stadt",137392.0,25395.0,0.18483608943752183,3,2.183533247932922,0.06516290726817042,0.41604010025062654,0.48120300751879697,Other Kreise,2019
09162,"      München, kreisfreie Stadt",1484226.0,259085.0,0.17455899573245584,45,3.0318832846210753,0.03258145363408521,0.19548872180451127,0.22807017543859648,Other Kreise,2019
09163,"      Rosenheim, kreisfreie Stadt",63551.0,12786.0,0.20119274283646205,2,3.147078724174285,0.18295739348370926,0.18045112781954886,0.3634085213032581,Other Kreise,2019
09171,"      Altötting, Landkreis",111516.0,24502.0,0.21971734997668496,2,1.793464614943147,0.47117794486215536,0.5714285714285714,1.0426065162907268,Other Kreise,2019
09172,"      Berchtesgadener Land, Landkreis",105929.0,25208.0,0.23797071623445892,6,5.664171284539644,0.7167919799498746,0.02506265664160401,0.7418546365914787,Other Kreise,2019
09173,"      Bad Tölz-Wolfratshausen, Landkreis",127917.0,27540.0,0.21529585590656442,4,3.127027682012555,0.38596491228070173,0.18546365914786966,0.5714285714285714,Other Kreise,2019
09174,"      Dachau, Landkreis",154899.0,28874.0,0.18640533508931625,1,0.6455819598577137,0.07268170426065163,0.949874686716792,1.0225563909774436,Other Kreise,2019
09175,"      Ebersberg, Landkreis",143649.0,26847.0,0.18689305181379612,1,0.6961412888359821,0.07518796992481203,0.9398496240601504,1.0150375939849625,Other Kreise,2019
09176,"      Eichstätt, Landkreis",132881.0,23596.0,0.17757241441590596,2,1.505106072350449,0.042606516290726815,0.6766917293233082,0.7192982456140351,Other Kreise,2019
09177,"      Erding, Landkreis",138182.0,23694.0,0.17146951122432733,3,2.171049774934507,0.020050125313283207,0.42355889724310775,0.44360902255639095,Other Kreise,2019
09178,"      Freising, Landkreis",180007.0,28740.0,0.15966045764886921,1,0.5555339514574433,0.005012531328320802,0.9699248120300752,0.974937343358396,Other Kreise,2019
09179,"      Fürstenfeldbruck, Landkreis",219311.0,47514.0,0.21665123956390697,1,0.45597348058236936,0.42105263157894735,0.9799498746867168,1.4010025062656641,Other Kreise,2019
09180,"      Garmisch-Partenkirchen, Landkreis",88424.0,22292.0,0.25210350131186104,6,6.785488102777526,0.8220551378446115,0.010025062656641603,0.8320802005012531,Other Kreise,2019
09181,"      Landsberg am Lech, Landkreis",120302.0,24210.0,0.20124353709830262,3,2.493724127612176,0.18546365914786966,0.3032581453634085,0.48872180451127817,Other Kreise,2019
09182,"      Miesbach, Landkreis",100010.0,22625.0,0.22622737726227377,2,1.999800019998,0.5764411027568922,0.49122807017543857,1.0676691729323307,Other Kreise,2019
09183,"      Mühldorf a.Inn, Landkreis",115872.0,23248.0,0.20063518365092517,1,0.8630212648439658,0.16791979949874686,0.8972431077694235,1.0651629072681703,Other Kreise,2019
09184,"      München, Landkreis",350473.0,71811.0,0.20489738153866346,3,0.8559860531339076,0.22305764411027568,0.899749373433584,1.1228070175438596,Other Kreise,2019
09185,"      Neuburg-Schrobenhausen, Landkreis",97303.0,18762.0,0.19282036525081447,2,2.0554350842214526,0.10275689223057644,0.45614035087719296,0.5588972431077694,Other Kreise,2019
09186,"      Pfaffenhofen a.d.Ilm, Landkreis",128227.0,23522.0,0.18344030508395268,1,0.7798669546975285,0.05263157894736842,0.9172932330827067,0.9699248120300752,Other Kreise,2019
09187,"      Rosenheim, Landkreis",261330.0,56340.0,0.21558948455975205,14,5.357211188918226,0.40100250626566414,0.03759398496240601,0.43859649122807015,Other Kreise,2019
09188,"      Starnberg, Landkreis",136667.0,31501.0,0.23049455976936642,8,5.853644259404246,0.631578947368421,0.022556390977443608,0.6541353383458646,Other Kreise,2019
09189,"      Traunstein, Landkreis",177319.0,40606.0,0.22899971238276778,3,1.6918660718817498,0.6140350877192983,0.6215538847117794,1.2355889724310778,Other Kreise,2019
09190,"      Weilheim-Schongau, Landkreis",135478.0,29624.0,0.21866280872171126,3,2.214381670824783,0.45363408521303256,0.40852130325814534,0.8621553884711779,Other Kreise,2019
09261,"      Landshut, kreisfreie Stadt",73411.0,15018.0,0.20457424636634836,4,5.448774706787811,0.21804511278195488,0.03007518796992481,0.24812030075187969,Other Kreise,2019
09262,"      Passau, kreisfreie Stadt",52803.0,11293.0,0.21387042402893774,2,3.787663579720849,0.3508771929824561,0.10025062656641603,0.45112781954887216,Other Kreise,2019
09263,"      Straubing, kreisfreie Stadt",47791.0,10301.0,0.21554267539913372,1,2.0924441840513905,0.39348370927318294,0.44862155388471175,0.8421052631578947,Other Kreise,2019
09271,"      Deggendorf, Landkreis",119478.0,24751.0,0.20715947705853796,4,3.3478966839083344,0.24812030075187969,0.14536340852130325,0.39348370927318294,Other Kreise,2019
09272,"      Freyung-Grafenau, Landkreis",78362.0,17446.0,0.22263341925933489,1,1.2761287358668743,0.518796992481203,0.7669172932330827,1.2857142857142856,Other Kreise,2019
09273,"      Kelheim, Landkreis",123058.0,23111.0,0.18780575013408313,3,2.4378748232540755,0.08020050125313283,0.3182957393483709,0.39849624060150374,Other Kreise,2019
09274,"      Landshut, Landkreis",159895.0,30179.0,0.1887426123393477,1,0.6254104255917946,0.08771929824561403,0.9573934837092731,1.045112781954887,Other Kreise,2019
09275,"      Passau, Landkreis",192656.0,43187.0,0.22416638983473133,5,2.5952993937380615,0.5338345864661654,0.2731829573934837,0.8070175438596492,Other Kreise,2019
09276,"      Regen, Landkreis",77410.0,17538.0,0.22655987598501487,2,2.58364552383413,0.581453634085213,0.2756892230576441,0.8571428571428571,Other Kreise,2019
09277,"      Rottal-Inn, Landkreis",121502.0,26194.0,0.2155849286431499,2,1.64606343928495,0.39849624060150374,0.631578947368421,1.0300751879699248,Other Kreise,2019
09278,"      Straubing-Bogen, Landkreis",101120.0,20052.0,0.1982990506329114,3,2.9667721518987342,0.15037593984962405,0.20300751879699247,0.3533834586466165,Other Kreise,2019
09279,"      Dingolfing-Landau, Landkreis",96683.0,18582.0,0.1921951118604098,1,1.034307996235119,0.09273182957393483,0.8446115288220551,0.93734335839599,Other Kreise,2019
09361,"      Amberg, kreisfreie Stadt",42207.0,9977.0,0.236382590565546,1,2.36927523870448,0.7042606516290727,0.3333333333333333,1.037593984962406,Other Kreise,2019
09362,"      Regensburg, kreisfreie Stadt",153094.0,26359.0,0.1721752648699492,5,3.26596731419912,0.022556390977443608,0.15288220551378445,0.17543859649122806,Other Kreise,2019
09363,"      Weiden i.d.OPf., kreisfreie Stadt",42743.0,9941.0,0.23257609433123552,1,2.3395643731137263,0.6616541353383458,0.3558897243107769,1.0175438596491229,Other Kreise,2019
09371,"      Amberg-Sulzbach, Landkreis",103049.0,22039.0,0.21386913021960427,2,1.9408242680666477,0.3483709273182957,0.5112781954887218,0.8596491228070176,Other Kreise,2019
09372,"      Cham, Landkreis",127998.0,27719.0,0.2165580712198628,4,3.125048828887951,0.41353383458646614,0.18796992481203006,0.6015037593984962,Other Kreise,2019
09373,"      Neumarkt i.d.OPf., Landkreis",134573.0,25977.0,0.19303277774887978,2,1.4861822208020925,0.10526315789473684,0.6942355889724311,0.7994987468671679,Other Kreise,2019
09374,"      Neustadt a.d.Waldnaab, Landkreis",94450.0,20124.0,0.2130651138168343,1,1.0587612493382743,0.3383458646616541,0.8370927318295739,1.175438596491228,Other Kreise,2019
09375,"      Regensburg, Landkreis",194070.0,38178.0,0.19672283196784665,2,1.0305559849538826,0.13784461152882205,0.8471177944862155,0.9849624060150375,Other Kreise,2019
09376,"      Schwandorf, Landkreis",147872.0,30670.0,0.20740911058212508,5,3.3813027483228737,0.2506265664160401,0.14035087719298245,0.39097744360902253,Other Kreise,2019
09377,"      Tirschenreuth, Landkreis",72046.0,16642.0,0.23099131110679288,2,2.776004219526414,0.6416040100250626,0.24561403508771928,0.8872180451127819,Other Kreise,2019
09461,"      Bamberg, kreisfreie Stadt",77373.0,14980.0,0.1936075892107066,1,1.2924405154252776,0.11027568922305764,0.7568922305764411,0.8671679197994987,Other Kreise,2019
09462,"      Bayreuth, kreisfreie Stadt",74783.0,16100.0,0.21528957115922068,2,2.6744046106735486,0.38345864661654133,0.2681704260651629,0.6516290726817042,Other Kreise,2019
09463,"      Coburg, kreisfreie Stadt",41072.0,9705.0,0.2362923646279704,1,2.4347487339306584,0.7017543859649122,0.3208020050125313,1.0225563909774436,Other Kreise,2019
09464,"      Hof, kreisfreie Stadt",45825.0,11083.0,0.24185488270594654,1,2.182214948172395,0.7443609022556391,0.41854636591478694,1.162907268170426,Other Kreise,2019
09471,"      Bamberg, Landkreis",147163.0,28532.0,0.19388025522719704,1,0.6795186290032141,0.11278195488721804,0.9448621553884712,1.0576441102756893,Other Kreise,2019
09472,"      Bayreuth, Landkreis",103664.0,23497.0,0.22666499459793177,1,0.9646550393579256,0.5839598997493735,0.8646616541353384,1.4486215538847118,Other Kreise,2019
09473,"      Coburg, Landkreis",86747.0,20321.0,0.23425593968667505,2,2.3055552353395505,0.6766917293233082,0.37343358395989973,1.050125313283208,Other Kreise,2019
09474,"      Forchheim, Landkreis",116203.0,24018.0,0.20669001660886552,3,2.5816889409051402,0.24060150375939848,0.2781954887218045,0.518796992481203,Other Kreise,2019
09475,"      Hof, Landkreis",94801.0,24674.0,0.26027151612324767,3,3.164523580974884,0.8621553884711779,0.16791979949874686,1.0300751879699248,Other Kreise,2019
09476,"      Kronach, Landkreis",66743.0,16377.0,0.2453740467165096,1,1.4982844642883897,0.7844611528822055,0.6791979949874687,1.463659147869674,Other Kreise,2019
09477,"      Kulmbach, Landkreis",71566.0,17435.0,0.24362127267138026,2,2.7946231450688876,0.7644110275689223,0.23308270676691728,0.9974937343358397,Other Kreise,2019
09478,"      Lichtenfels, Landkreis",66776.0,15315.0,0.229348867856715,3,4.492632083383251,0.6165413533834586,0.05764411027568922,0.6741854636591478,Other Kreise,2019
09479,"      Wunsiedel i.Fichtelgebirge, Landkreis",72655.0,19253.0,0.26499208588534856,1,1.3763677654669328,0.899749373433584,0.731829573934837,1.631578947368421,Other Kreise,2019
09561,"      Ansbach, kreisfreie Stadt",41798.0,8966.0,0.21450787119000908,3,7.177376907986028,0.3659147869674185,0.002506265664160401,0.3684210526315789,Other Kreise,2019
09562,"      Erlangen, kreisfreie Stadt",112528.0,19874.0,0.17661382056021613,3,2.666003128110337,0.040100250626566414,0.2706766917293233,0.3107769423558897,Other Kreise,2019
09563,"      Fürth, kreisfreie Stadt",128497.0,23652.0,0.1840665540829747,2,1.5564565709705285,0.06015037593984962,0.6541353383458647,0.7142857142857143,Other Kreise,2019
09564,"      Nürnberg, kreisfreie Stadt",518370.0,104189.0,0.20099349885217124,9,1.736211586318653,0.17543859649122806,0.6040100250626567,0.7794486215538847,Other Kreise,2019
09565,"      Schwabach, kreisfreie Stadt",40981.0,8939.0,0.2181254727800688,1,2.4401551938703303,0.44360902255639095,0.3157894736842105,0.7593984962406015,Other Kreise,2019
09571,"      Ansbach, Landkreis",184591.0,37442.0,0.20283762480294273,1,0.5417382212567243,0.19799498746867167,0.974937343358396,1.1729323308270676,Other Kreise,2019
09572,"      Erlangen-Höchstadt, Landkreis",137262.0,28384.0,0.20678702044265712,2,1.4570675059375502,0.24310776942355888,0.7042606516290727,0.9473684210526316,Other Kreise,2019
09573,"      Fürth, Landkreis",117853.0,27200.0,0.23079599161667502,0,0.0,0.6365914786967418,0.993734335839599,2.932330827067669,Most problematic (top 5),2019
09574,"      Nürnberger Land, Landkreis",170792.0,38399.0,0.22482903180476838,4,2.34203007166612,0.5488721804511278,0.3533834586466165,0.9022556390977443,Other Kreise,2019
09575,"      Neustadt a.d.Aisch-Bad Windsheim, Landkreis",101014.0,21297.0,0.2108321618785515,3,2.9698853624250106,0.3007518796992481,0.20050125313283207,0.5012531328320802,Other Kreise,2019
09576,"      Roth, Landkreis",126749.0,26771.0,0.21121271173737072,1,0.7889608596517527,0.3107769423558897,0.9147869674185464,1.225563909774436,Other Kreise,2019
09577,"      Weißenburg-Gunzenhausen, Landkreis",94734.0,20822.0,0.21979437160892604,2,2.1111744463445015,0.47869674185463656,0.44360902255639095,0.9223057644110275,Other Kreise,2019
09661,"      Aschaffenburg, kreisfreie Stadt",71002.0,14858.0,0.20926171093772006,3,4.225233092025577,0.2731829573934837,0.07268170426065163,0.3458646616541353,Other Kreise,2019
09662,"      Schweinfurt, kreisfreie Stadt",53426.0,12740.0,0.23846067457792086,2,3.743495676262494,0.7192982456140351,0.10776942355889724,0.8270676691729324,Other Kreise,2019
09663,"      Würzburg, kreisfreie Stadt",127934.0,25732.0,0.20113496021386026,8,6.253224318789377,0.18045112781954886,0.015037593984962405,0.19548872180451127,Other Kreise,2019
09671,"      Aschaffenburg, Landkreis",174200.0,38034.0,0.21833524684270952,1,0.574052812858783,0.44862155388471175,0.9649122807017544,1.413533834586466,Other Kreise,2019
09672,"      Bad Kissingen, Landkreis",103235.0,25625.0,0.24822008039908947,5,4.843318641933453,0.8045112781954887,0.045112781954887216,0.849624060150376,Other Kreise,2019
09673,"      Rhön-Grabfeld, Landkreis",79635.0,17981.0,0.22579267909838638,2,2.511458529541031,0.5588972431077694,0.3007518796992481,0.8596491228070176,Other Kreise,2019
09674,"      Haßberge, Landkreis",84384.0,17966.0,0.21290766021994692,1,1.185058778915434,0.3308270676691729,0.7944862155388471,1.12531328320802,Other Kreise,2019
09675,"      Kitzingen, Landkreis",91155.0,19109.0,0.20963194558718665,2,2.1940650540288518,0.2781954887218045,0.41102756892230574,0.6892230576441103,Other Kreise,2019
09676,"      Miltenberg, Landkreis",128743.0,27871.0,0.21648555649627552,1,0.776741259718975,0.41102756892230574,0.9197994987468672,1.330827067669173,Other Kreise,2019
09677,"      Main-Spessart, Landkreis",126158.0,29501.0,0.23384169057848095,2,1.5853136543065045,0.6716791979949874,0.6390977443609023,1.3107769423558897,Other Kreise,2019
09678,"      Schweinfurt, Landkreis",115445.0,25446.0,0.22041664862055524,5,4.33106674173849,0.48120300751879697,0.06766917293233082,0.5488721804511278,Other Kreise,2019
09679,"      Würzburg, Landkreis",162302.0,35186.0,0.21679338517085434,1,0.6161353526142622,0.42355889724310775,0.9598997493734336,1.3834586466165413,Other Kreise,2019
09761,"      Augsburg, kreisfreie Stadt",296582.0,57591.0,0.1941823846356151,6,2.023049274736835,0.11779448621553884,0.47117794486215536,0.5889724310776943,Other Kreise,2019
09762,"      Kaufbeuren, kreisfreie Stadt",44398.0,10113.0,0.227780530654534,2,4.504707419253119,0.5939849624060151,0.05513784461152882,0.6491228070175439,Other Kreise,2019
09763,"      Kempten (Allgäu), kreisfreie Stadt",69151.0,15316.0,0.22148631256236354,2,2.8922213706237074,0.49874686716791977,0.21303258145363407,0.7117794486215538,Other Kreise,2019
09764,"      Memmingen, kreisfreie Stadt",44100.0,9586.0,0.21736961451247166,2,4.535147392290249,0.43358395989974935,0.05263157894736842,0.48621553884711777,Other Kreise,2019
09771,"      Aichach-Friedberg, Landkreis",134655.0,26922.0,0.1999331625264565,2,1.4852771898555568,0.16290726817042606,0.6967418546365914,0.8596491228070176,Other Kreise,2019
09772,"      Augsburg, Landkreis",253468.0,52474.0,0.2070241608408162,3,1.1835813593826439,0.24561403508771928,0.7969924812030075,1.0426065162907268,Other Kreise,2019
09773,"      Dillingen a.d.Donau, Landkreis",96562.0,19691.0,0.2039207970008906,1,1.0356040678527785,0.20551378446115287,0.8421052631578947,1.0476190476190474,Other Kreise,2019
09774,"      Günzburg, Landkreis",127027.0,24771.0,0.19500578617144387,5,3.93617105024916,0.12781954887218044,0.08771929824561403,0.21553884711779447,Other Kreise,2019
09775,"      Neu-Ulm, Landkreis",175204.0,35631.0,0.20336864455149425,2,1.1415264491678272,0.20050125313283207,0.8170426065162907,1.0175438596491229,Other Kreise,2019
09776,"      Lindau (Bodensee), Landkreis",81981.0,18645.0,0.22743074614849781,5,6.098974152547542,0.5889724310776943,0.020050125313283207,0.6090225563909775,Other Kreise,2019
09777,"      Ostallgäu, Landkreis",141182.0,30079.0,0.2130512388264793,5,3.541527956821691,0.3358395989974937,0.13283208020050125,0.46867167919799496,Other Kreise,2019
09778,"      Unterallgäu, Landkreis",145341.0,30746.0,0.2115438864463572,1,0.6880370989603759,0.3132832080200501,0.9423558897243107,1.2556390977443608,Other Kreise,2019
09779,"      Donau-Ries, Landkreis",133783.0,27013.0,0.20191653648071878,2,1.4949582532907768,0.19047619047619047,0.6842105263157895,0.87468671679198,Other Kreise,2019
09780,"      Oberallgäu, Landkreis",156008.0,35652.0,0.2285267422183478,1,0.6409927696015588,0.6090225563909775,0.9523809523809523,1.5614035087719298,Other Kreise,2019
10041,"      Saarbrücken, Regionalverband",328714.0,76404.0,0.2324330573081767,7,2.129510760113655,0.6541353383458647,0.43609022556390975,1.0902255639097744,Other Kreise,2019
10042,"      Merzig-Wadern, Landkreis",103243.0,23944.0,0.2319188710130469,3,2.9057660083492345,0.6491228070175439,0.21052631578947367,0.8596491228070176,Other Kreise,2019
10043,"      Neunkirchen, Landkreis",131408.0,32457.0,0.24699409472787046,4,3.043954705953975,0.7969924812030075,0.19298245614035087,0.9899749373433584,Other Kreise,2019
10044,"      Saarlouis, Landkreis",194319.0,47281.0,0.2433164024104694,5,2.5730885811474944,0.7568922305764411,0.2832080200501253,1.0401002506265664,Other Kreise,2019
10045,      Saarpfalz-Kreis,142196.0,35945.0,0.25278488846381053,2,1.4065093251568257,0.8270676691729323,0.7243107769423559,1.5513784461152882,Other Kreise,2019
10046,"      St. Wendel, Landkreis",87007.0,21944.0,0.25220959233165147,1,1.1493328123024584,0.8245614035087719,0.8145363408521303,1.6390977443609023,Other Kreise,2019
12051,"      Brandenburg an der Havel, kreisfreie Stadt",72184.0,20022.0,0.27737448742103515,4,5.54139421478444,0.924812030075188,0.02756892230576441,0.9523809523809523,Other Kreise,2019
12052,"      Cottbus, kreisfreie Stadt",99678.0,25993.0,0.2607696783643332,2,2.006460803788198,0.8721804511278195,0.48120300751879697,1.3533834586466165,Other Kreise,2019
12053,"      Frankfurt (Oder), kreisfreie Stadt",57751.0,15265.0,0.26432442728264444,1,1.7315717476753651,0.8972431077694235,0.6090225563909775,1.5062656641604009,Other Kreise,2019
12054,"      Potsdam, kreisfreie Stadt",180334.0,35724.0,0.19809908281300254,5,2.7726330032051636,0.14786967418546365,0.24812030075187969,0.39598997493734334,Other Kreise,2019
12060,"      Barnim, Landkreis",185244.0,44351.0,0.23941936041113343,5,2.699142752261882,0.7293233082706767,0.2581453634085213,0.987468671679198,Other Kreise,2019
12061,"      Dahme-Spreewald, Landkreis",170791.0,41455.0,0.242723562717005,4,2.3420437845085513,0.7493734335839599,0.3508771929824561,1.100250626566416,Other Kreise,2019
12062,"      Elbe-Elster, Landkreis",101827.0,29087.0,0.2856511534268907,1,0.9820578039223389,0.9649122807017544,0.8621553884711779,1.8270676691729322,Other Kreise,2019
12063,"      Havelland, Landkreis",162996.0,37082.0,0.2275025153991509,1,0.613511988024246,0.5914786967418546,0.9624060150375939,1.5538847117794485,Other Kreise,2019
12064,"      Märkisch-Oderland, Landkreis",195751.0,47632.0,0.2433295359921533,2,1.021706147095034,0.7619047619047619,0.849624060150376,1.6115288220551378,Other Kreise,2019
12065,"      Oberhavel, Landkreis",212914.0,49493.0,0.23245535756220823,4,1.8786928055459013,0.6591478696741855,0.5463659147869674,1.2055137844611528,Other Kreise,2019
12066,"      Oberspreewald-Lausitz, Landkreis",109371.0,31887.0,0.29154894807581533,1,0.914319152243282,0.9699248120300752,0.8796992481203008,1.849624060150376,Other Kreise,2019
12067,"      Oder-Spree, Landkreis",178803.0,48242.0,0.2698053164656074,5,2.796373662634296,0.9172932330827067,0.23057644110275688,1.1478696741854635,Other Kreise,2019
12068,"      Ostprignitz-Ruppin, Landkreis",98861.0,25796.0,0.2609320156583486,1,1.0115212267729436,0.8771929824561403,0.8521303258145363,1.7293233082706765,Other Kreise,2019
12069,"      Potsdam-Mittelmark, Landkreis",216566.0,49360.0,0.22792128034871587,5,2.3087649954286453,0.5964912280701754,0.37092731829573933,0.9674185463659147,Other Kreise,2019
12070,"      Prignitz, Landkreis",76158.0,21785.0,0.28605005383544735,1,1.3130596916935844,0.9674185463659147,0.7518796992481203,1.719298245614035,Other Kreise,2019
12071,"      Spree-Neiße, Landkreis",113720.0,32367.0,0.2846201195919803,2,1.7587055926837847,0.9573934837092731,0.5939849624060151,1.5513784461152882,Other Kreise,2019
12072,"      Teltow-Fläming, Landkreis",169997.0,38428.0,0.22605104795966988,2,1.1764913498473504,0.568922305764411,0.8020050125313283,1.3709273182957393,Other Kreise,2019
12073,"      Uckermark, Landkreis",118947.0,33641.0,0.28282344237349405,5,4.203552842862788,0.9448621553884712,0.07518796992481203,1.0200501253132832,Other Kreise,2019
13003,"      Rostock, kreisfreie Stadt",209191.0,50550.0,0.24164519506097298,3,1.4340961131215015,0.7418546365914787,0.7092731829573935,1.4511278195488722,Other Kreise,2019
13004,"      Schwerin, kreisfreie Stadt",95653.0,24914.0,0.2604622960074436,1,1.045445516606902,0.8671679197994987,0.8395989974937343,1.706766917293233,Other Kreise,2019
13071,"      Mecklenburgische Seenplatte, Landkreis",258074.0,68388.0,0.2649937614792656,5,1.9374287994916186,0.9022556390977443,0.5162907268170426,1.418546365914787,Other Kreise,2019
13072,      Landkreis Rostock,215794.0,52509.0,0.24332928626375155,5,2.317024569728537,0.7593984962406015,0.3684210526315789,1.1278195488721805,Other Kreise,2019
13073,"      Vorpommern-Rügen, Landkreis",224702.0,59799.0,0.2661258021735454,4,1.7801354683091384,0.9072681704260651,0.5789473684210527,1.4862155388471177,Other Kreise,2019
13074,"      Nordwestmecklenburg, Landkreis",157322.0,37877.0,0.24076098702025145,2,1.271278015789273,0.7393483709273183,0.7719298245614035,1.5112781954887218,Other Kreise,2019
13075,"      Vorpommern-Greifswald, Landkreis",235623.0,60663.0,0.2574578882367171,8,3.3952542833254817,0.849624060150376,0.13784461152882205,0.987468671679198,Other Kreise,2019
13076,"      Ludwigslust-Parchim, Landkreis",211779.0,51670.0,0.24398075352135953,5,2.3609517468681975,0.7744360902255639,0.3383458646616541,1.112781954887218,Other Kreise,2019
14511,"      Chemnitz, kreisfreie Stadt",246334.0,69105.0,0.2805337468640139,2,0.81190578645254,0.9398496240601504,0.9097744360902256,1.849624060150376,Other Kreise,2019
14521,      Erzgebirgskreis,334948.0,100569.0,0.30025257651934034,5,1.492769026834016,0.9849624060150376,0.6892230576441103,1.674185463659148,Other Kreise,2019
14522,"      Mittelsachsen, Landkreis",304099.0,86774.0,0.28534786368912757,4,1.3153611159523708,0.9598997493734336,0.7468671679197995,1.706766917293233,Other Kreise,2019
14523,      Vogtlandkreis,225997.0,68718.0,0.3040659831767678,4,1.7699349991371565,0.9924812030075187,0.5864661654135338,1.5789473684210527,Other Kreise,2019
14524,"      Zwickau, Landkreis",315002.0,93316.0,0.2962393889562606,2,0.6349166037041035,0.9774436090225563,0.9548872180451128,1.9323308270676691,Problematic (next 5),2019
14612,"      Dresden, kreisfreie Stadt",556780.0,122280.0,0.21961995761342,5,0.898020762240023,0.46616541353383456,0.8872180451127819,1.3533834586466165,Other Kreise,2019
14625,"      Bautzen, Landkreis",299758.0,83449.0,0.2783878995723217,4,1.3344097572041447,0.9323308270676691,0.7418546365914787,1.6741854636591478,Other Kreise,2019
14626,"      Görlitz, Landkreis",252725.0,76081.0,0.3010426352754971,4,1.5827480462953805,0.9874686716791979,0.6441102756892231,1.631578947368421,Other Kreise,2019
14627,"      Meißen, Landkreis",241717.0,67390.0,0.2787971057062598,1,0.41370693827906185,0.9348370927318296,0.9824561403508771,1.9172932330827068,Problematic (next 5),2019
14628,"      Sächsische Schweiz-Osterzgebirge, Landkreis",245586.0,68193.0,0.27767462314627056,0,0.0,0.9273182957393483,0.993734335839599,2.932330827067669,Most problematic (top 5),2019
14713,"      Leipzig, kreisfreie Stadt",593145.0,121103.0,0.20417098685818813,3,0.5057785195862732,0.20802005012531327,0.9774436090225563,1.1854636591478696,Other Kreise,2019
14729,"      Leipzig, Landkreis",258139.0,69148.0,0.2678711856790334,2,0.7747763801672741,0.9097744360902256,0.924812030075188,1.8345864661654137,Other Kreise,2019
14730,"      Nordsachsen, Landkreis",197741.0,51436.0,0.2601180331848226,5,2.5285600861733277,0.8571428571428571,0.2857142857142857,1.1428571428571428,Other Kreise,2019
15001,"      Dessau-Roßlau, kreisfreie Stadt",80103.0,25584.0,0.3193887869368188,3,3.7451780832178567,0.9974937343358395,0.10526315789473684,1.1027568922305764,Other Kreise,2019
15002,"      Halle (Saale), kreisfreie Stadt",238762.0,58247.0,0.2439542305727042,6,2.5129626992570007,0.7719298245614035,0.2957393483709273,1.0676691729323307,Other Kreise,2019
15003,"      Magdeburg, kreisfreie Stadt, Landeshauptstadt",237565.0,58298.0,0.2453981015722013,6,2.5256245659082777,0.7869674185463659,0.2882205513784461,1.075187969924812,Other Kreise,2019
15081,      Altmarkkreis Salzwedel,83173.0,20648.0,0.24825364000336647,1,1.202313250694336,0.8070175438596491,0.7869674185463659,1.593984962406015,Other Kreise,2019
15082,"      Anhalt-Bitterfeld, Landkreis",158486.0,44879.0,0.2831732771348889,3,1.8929116767411631,0.9523809523809523,0.5338345864661654,1.4862155388471177,Other Kreise,2019
15083,"      Börde, Landkreis",170923.0,41453.0,0.2425244115771429,2,1.1701175383067228,0.7468671679197995,0.8070175438596491,1.5538847117794485,Other Kreise,2019
15084,      Burgenlandkreis,178846.0,50640.0,0.28314863066548873,2,1.118280531854221,0.949874686716792,0.8245614035087719,1.774436090225564,Other Kreise,2019
15085,"      Harz, Landkreis",213310.0,60926.0,0.2856218648914725,5,2.344006375697342,0.9624060150375939,0.3433583959899749,1.3057644110275688,Other Kreise,2019
15086,"      Jerichower Land, Landkreis",89589.0,23494.0,0.2622420163189677,4,4.464833852370268,0.8847117794486216,0.06015037593984962,0.9448621553884712,Other Kreise,2019
15087,"      Mansfeld-Südharz, Landkreis",134942.0,40670.0,0.3013887447940597,1,0.7410591216967289,0.9899749373433584,0.9373433583959899,1.9273182957393482,Problematic (next 5),2019
15088,      Saalekreis,183815.0,47969.0,0.2609634687049479,1,0.5440252427712646,0.8796992481203008,0.9724310776942355,1.8521303258145363,Problematic (next 5),2019
15089,      Salzlandkreis,189125.0,53516.0,0.2829662921348315,6,3.172504957038995,0.9473684210526315,0.16290726817042606,1.1102756892230576,Other Kreise,2019
15090,"      Stendal, Landkreis",111190.0,29073.0,0.2614713553377102,4,3.5974458134724348,0.8822055137844611,0.12781954887218044,1.0100250626566416,Other Kreise,2019
15091,"      Wittenberg, Landkreis",124953.0,36448.0,0.29169367682248526,3,2.400902739430026,0.9724310776942355,0.3283208020050125,1.300751879699248,Other Kreise,2019
16051,"      Erfurt, kreisfreie Stadt",213981.0,48357.0,0.22598735401741277,2,0.9346624232992649,0.5639097744360902,0.87468671679198,1.4385964912280702,Other Kreise,2019
16052,"      Gera, kreisfreie Stadt",93125.0,27620.0,0.2965906040268456,1,1.0738255033557047,0.9799498746867168,0.8345864661654135,1.8145363408521304,Other Kreise,2019
16053,"      Jena, kreisfreie Stadt",111343.0,23928.0,0.21490349640300693,1,0.898125611848073,0.37092731829573933,0.8847117794486216,1.255639097744361,Other Kreise,2019
16054,"      Suhl, kreisfreie Stadt",36789.0,12035.0,0.32713582864443175,1,2.718203810921743,1.0,0.2531328320802005,1.2531328320802004,Other Kreise,2019
16055,"      Weimar, kreisfreie Stadt",65228.0,15156.0,0.2323542037161955,1,1.5330839516771937,0.6516290726817042,0.6666666666666666,1.318295739348371,Other Kreise,2019
16056,"      Eisenach, kreisfreie Stadt",42250.0,11024.0,0.2609230769230769,1,2.366863905325444,0.87468671679198,0.3358395989974937,1.2105263157894737,Other Kreise,2019
16061,"      Eichsfeld, Landkreis",100006.0,24304.0,0.2430254184748915,1,0.9999400035997841,0.7543859649122807,0.8546365914786967,1.6090225563909775,Other Kreise,2019
16062,"      Nordhausen, Landkreis",83416.0,22375.0,0.2682339119593363,3,3.5964323391195934,0.9147869674185464,0.13032581453634084,1.045112781954887,Other Kreise,2019
16063,      Wartburgkreis,118974.0,30967.0,0.2602837594768605,3,2.5215593322910888,0.8646616541353384,0.2932330827067669,1.1578947368421053,Other Kreise,2019
16064,      Unstrut-Hainich-Kreis,102232.0,26257.0,0.25683738946709445,4,3.9126692229438924,0.8471177944862155,0.09022556390977443,0.9373433583959899,Other Kreise,2019
16065,      Kyffhäuserkreis,74212.0,20723.0,0.27924055408828763,1,1.3474909718104888,0.9373433583959899,0.7368421052631579,1.6741854636591478,Other Kreise,2019
16066,"      Schmalkalden-Meiningen, Landkreis",124916.0,33480.0,0.2680201095135931,3,2.4016138845304043,0.9122807017543859,0.3258145363408521,1.2380952380952381,Other Kreise,2019
16067,"      Gotha, Landkreis",134908.0,34509.0,0.2557965428291873,2,1.4824917721706645,0.8395989974937343,0.6992481203007519,1.5388471177944862,Other Kreise,2019
16068,"      Sömmerda, Landkreis",69427.0,17465.0,0.25155919166894725,0,0.0,0.8195488721804511,0.993734335839599,2.932330827067669,Problematic (next 5),2019
16069,"      Hildburghausen, Landkreis",63197.0,16074.0,0.2543475164960362,2,3.1647071854676647,0.8295739348370927,0.16541353383458646,0.9949874686716792,Other Kreise,2019
16070,      Ilm-Kreis,106249.0,27882.0,0.26242129337687886,2,1.8823706576061894,0.8872180451127819,0.5413533834586466,1.4285714285714284,Other Kreise,2019
16071,"      Weimarer Land, Landkreis",82156.0,20059.0,0.24415745654608306,3,3.6515896586980867,0.7794486215538847,0.11779448621553884,0.8972431077694236,Other Kreise,2019
16072,"      Sonneberg, Landkreis",57717.0,16374.0,0.28369457872030773,1,1.73259178404976,0.9548872180451128,0.606516290726817,1.5614035087719298,Other Kreise,2019
16073,"      Saalfeld-Rudolstadt, Landkreis",103199.0,30503.0,0.2955745695210225,3,2.907004912838303,0.974937343358396,0.20802005012531327,1.1829573934837092,Other Kreise,2019
16074,      Saale-Holzland-Kreis,82950.0,21881.0,0.26378541289933694,3,3.616636528028933,0.8922305764411027,0.12280701754385964,1.0150375939849623,Other Kreise,2019
16075,      Saale-Orla-Kreis,80312.0,21887.0,0.27252465384998503,1,1.2451439386393066,0.9197994987468672,0.7769423558897243,1.6967418546365916,Other Kreise,2019
16076,"      Greiz, Landkreis",97398.0,29098.0,0.29875356783506846,2,2.0534302552413806,0.9824561403508771,0.45864661654135336,1.4411027568922306,Other Kreise,2019
16077,"      Altenburger Land, Landkreis",89393.0,27577.0,0.3084917163536295,2,2.237311646325775,0.9949874686716792,0.40100250626566414,1.3959899749373434,Other Kreise,2019
01001,"      Flensburg, kreisfreie Stadt",85942.0,17576.0,0.20451001838449187,2,2.3271508691908496,,,,,2015
01002,"      Kiel, kreisfreie Stadt",246306.0,45214.0,0.18356840677856,9,3.6539913765803513,,,,,2015
01003,"      Lübeck, kreisfreie Stadt, Hansestadt",216253.0,49952.0,0.23098870304689414,7,3.236949313997956,,,,,2015
01004,"      Neumünster, kreisfreie Stadt",79197.0,17730.0,0.22387211636804424,4,5.050696364761291,,,,,2015
01051,"      Dithmarschen, Kreis",132917.0,31955.0,0.2404131901863569,2,1.5046984208190073,,,,,2015
01053,"      Herzogtum Lauenburg, Kreis",192999.0,42646.0,0.22096487546567598,5,2.59068699837823,,,,,2015
01054,"      Nordfriesland, Kreis",163960.0,38422.0,0.2343376433276409,5,3.0495242742132227,,,,,2015
01055,"      Ostholstein, Kreis",199574.0,53468.0,0.26791064968382655,14,7.01494182608957,,,,,2015
01056,"      Pinneberg, Kreis",307471.0,68016.0,0.22121110608805383,3,0.9757017735005903,,,,,2015
01057,"      Plön, Kreis",128304.0,32487.0,0.2532033295922185,4,3.117595710188303,,,,,2015
01058,"      Rendsburg-Eckernförde, Kreis",270378.0,61899.0,0.2289350464904689,4,1.4794103070516091,,,,,2015
01059,"      Schleswig-Flensburg, Kreis",196839.0,45767.0,0.23250981766824663,3,1.5240882142258394,,,,,2015
01060,"      Segeberg, Kreis",267503.0,57881.0,0.21637514345633507,8,2.990620665936457,,,,,2015
01061,"      Steinburg, Kreis",131457.0,29337.0,0.22316803213218012,1,0.7607050214138463,,,,,2015
01062,"      Stormarn, Kreis",239614.0,54522.0,0.22754096171342242,6,2.504027310591201,,,,,2015
03101,"      Braunschweig, kreisfreie Stadt",251364.0,52158.0,0.20749988065116723,6,2.3869766553683105,,,,,2015
03102,"      Salzgitter, kreisfreie Stadt",101079.0,23588.0,0.23336202376359086,2,1.978650362587679,,,,,2015
03103,"      Wolfsburg, kreisfreie Stadt",124045.0,27538.0,0.2220000806159055,1,0.8061590551815874,,,,,2015
03151,"      Gifhorn, Landkreis",174205.0,33301.0,0.19115984041789846,2,1.1480726730002009,,,,,2015
03152,"      Göttingen, Landkreis",255653.0,51536.0,0.20158574317531966,9,3.5203967878335085,,,,,2015
03153,"      Goslar, Landkreis",138236.0,37207.0,0.269155646864782,5,3.6170028067941775,,,,,2015
03154,"      Helmstedt, Landkreis",91500.0,21234.0,0.2320655737704918,2,2.185792349726776,,,,,2015
03155,"      Northeim, Landkreis",134896.0,33147.0,0.245722630767406,3,2.223935476218717,,,,,2015
03156,"      Osterode am Harz, Landkreis",73885.0,20579.0,0.27852744129390267,4,5.413818772416593,,,,,2015
03157,"      Peine, Landkreis",132320.0,28048.0,0.21197097944377266,1,0.7557436517533253,,,,,2015
03158,"      Wolfenbüttel, Landkreis",120981.0,27878.0,0.2304328778899166,1,0.826576073928964,,,,,2015
03241,"      Region Hannover, Landkreis",1144481.0,239503.0,0.20926778164076118,23,2.0096445463052683,,,,,2015
03251,"      Diepholz, Landkreis",213976.0,46707.0,0.21828148951284257,3,1.4020263954836056,,,,,2015
03252,"      Hameln-Pyrmont, Landkreis",148281.0,37110.0,0.25026807210633867,8,5.3951618885764185,,,,,2015
03254,"      Hildesheim, Landkreis",277055.0,63529.0,0.22930104130948728,7,2.526574145927704,,,,,2015
03255,"      Holzminden, Landkreis",71659.0,18232.0,0.25442721779539207,2,2.790996246110049,,,,,2015
03256,"      Nienburg (Weser), Landkreis",120632.0,26057.0,0.2160040453610982,2,1.6579348763180581,,,,,2015
03257,"      Schaumburg, Landkreis",156206.0,37789.0,0.24191772403108716,5,3.20090137382687,,,,,2015
03351,"      Celle, Landkreis",177971.0,40448.0,0.22727298267695298,2,1.1237785931415794,,,,,2015
03352,"      Cuxhaven, Landkreis",198103.0,48247.0,0.24354502455793198,4,2.01915165343281,,,,,2015
03353,"      Harburg, Landkreis",248122.0,54389.0,0.21920265030912212,3,1.209082628706846,,,,,2015
03354,"      Lüchow-Dannenberg, Landkreis",50128.0,13122.0,0.2617698691350144,1,1.994893073731248,,,,,2015
03355,"      Lüneburg, Landkreis",180719.0,35041.0,0.19389770859732514,4,2.213380994804088,,,,,2015
03356,"      Osterholz, Landkreis",113579.0,25545.0,0.22490953433293126,2,1.760888896715062,,,,,2015
03357,"      Rotenburg (Wümme), Landkreis",163253.0,33117.0,0.20285691533999375,4,2.4501846826704563,,,,,2015
03358,      Heidekreis,140264.0,30444.0,0.21704785262077225,5,3.5647065533565274,,,,,2015
03359,"      Stade, Landkreis",200054.0,41341.0,0.20664920471472703,4,1.9994601457606445,,,,,2015
03360,"      Uelzen, Landkreis",93131.0,22821.0,0.24504193018436396,7,7.516294252182409,,,,,2015
03361,"      Verden, Landkreis",134645.0,28974.0,0.21518808719224627,2,1.4853875004641837,,,,,2015
03401,"      Delmenhorst, kreisfreie Stadt",76323.0,16755.0,0.21952753429503558,2,2.6204420685769687,,,,,2015
03402,"      Emden, kreisfreie Stadt",50694.0,10484.0,0.20680948435712312,1,1.9726200339290645,,,,,2015
03403,"      Oldenburg (Oldenburg), kreisfreie Stadt",163830.0,30866.0,0.18840261246413967,3,1.8311664530305805,,,,,2015
03404,"      Osnabrück, kreisfreie Stadt",162403.0,30612.0,0.1884940549127787,6,3.6945130323947217,,,,,2015
03405,"      Wilhelmshaven, kreisfreie Stadt",75995.0,20014.0,0.2633594315415488,1,1.3158760444766104,,,,,2015
03451,"      Ammerland, Landkreis",121435.0,27048.0,0.22273644336476303,3,2.4704574463704865,,,,,2015
03452,"      Aurich, Landkreis",189199.0,41501.0,0.21935105365250346,3,1.5856320593660642,,,,,2015
03453,"      Cloppenburg, Landkreis",164734.0,26253.0,0.15936600823145192,3,1.8211176806245217,,,,,2015
03454,"      Emsland, Landkreis",319488.0,58133.0,0.18195675580929488,7,2.191005608974359,,,,,2015
03455,"      Friesland, Landkreis",97900.0,24755.0,0.2528600612870276,2,2.042900919305414,,,,,2015
03456,"      Grafschaft Bentheim, Landkreis",135662.0,26857.0,0.1979699547404579,4,2.94850437115773,,,,,2015
03457,"      Leer, Landkreis",167548.0,34580.0,0.2063886169933392,4,2.387375558049037,,,,,2015
03458,"      Oldenburg, Landkreis",128608.0,26281.0,0.20434965165464045,3,2.3326698183627768,,,,,2015
03459,"      Osnabrück, Landkreis",358079.0,70526.0,0.1969565375238425,10,2.792679827635801,,,,,2015
03460,"      Vechta, Landkreis",137866.0,21414.0,0.15532473561284146,5,3.626709993762059,,,,,2015
03461,"      Wesermarsch, Landkreis",89239.0,20256.0,0.22698595905377694,2,2.241172581494638,,,,,2015
03462,"      Wittmund, Landkreis",57173.0,13397.0,0.23432389414583807,1,1.7490773616917075,,,,,2015
04011,"      Bremen, kreisfreie Stadt",557464.0,118054.0,0.21176972862821636,7,1.2556864658525035,,,,,2015
04012,"      Bremerhaven, kreisfreie Stadt",114025.0,24435.0,0.21429511072133303,2,1.7540013155009866,,,,,2015
05111,"      Düsseldorf, kreisfreie Stadt",612178.0,119520.0,0.19523733293257844,13,2.12356536824257,,,,,2015
05112,"      Duisburg, kreisfreie Stadt",491231.0,101668.0,0.2069657655970409,8,1.6285617153640546,,,,,2015
05113,"      Essen, kreisfreie Stadt",582624.0,125539.0,0.21547172790684901,12,2.0596473883671114,,,,,2015
05114,"      Krefeld, kreisfreie Stadt",225144.0,49314.0,0.2190331521159791,4,1.7766407277120422,,,,,2015
05116,"      Mönchengladbach, kreisfreie Stadt",259996.0,53678.0,0.20645702241572947,5,1.9231065093309125,,,,,2015
05117,"      Mülheim an der Ruhr, kreisfreie Stadt",169278.0,40209.0,0.23753234324602135,2,1.181488439135623,,,,,2015
05119,"      Oberhausen, kreisfreie Stadt",210934.0,45195.0,0.2142613329287834,3,1.422245820967696,,,,,2015
05120,"      Remscheid, kreisfreie Stadt",109499.0,24404.0,0.22286961524762783,3,2.7397510479547758,,,,,2015
05122,"      Solingen, kreisfreie Stadt",158726.0,34044.0,0.21448281944986958,4,2.520066025729874,,,,,2015
05124,"      Wuppertal, kreisfreie Stadt",350046.0,74111.0,0.21171788850608206,3,0.857030218885518,,,,,2015
05154,"      Kleve, Kreis",310337.0,61297.0,0.1975175373867763,7,2.255612447113944,,,,,2015
05158,"      Mettmann, Kreis",483279.0,113862.0,0.23560303675516628,11,2.276117936016256,,,,,2015
05162,      Rhein-Kreis Neuss,450026.0,96059.0,0.213452111655771,7,1.5554656842049126,,,,,2015
05166,"      Viersen, Kreis",297661.0,63490.0,0.21329633374879478,7,2.351668508806999,,,,,2015
05170,"      Wesel, Kreis",462664.0,102485.0,0.22151064271263812,7,1.5129770200404613,,,,,2015
05314,"      Bonn, kreisfreie Stadt",318809.0,57629.0,0.1807634037934939,9,2.823006878726761,,,,,2015
05315,"      Köln, kreisfreie Stadt",1060582.0,185923.0,0.17530280544078627,22,2.0743327720063136,,,,,2015
05316,"      Leverkusen, kreisfreie Stadt",163487.0,35356.0,0.21626184344932625,2,1.2233388587471787,,,,,2015
05334,"      Städteregion Aachen, Kreis",553922.0,109691.0,0.19802607587349844,9,1.6247774957484988,,,,,2015
05358,"      Düren, Kreis",262828.0,53842.0,0.2048564079930601,6,2.2828617955468977,,,,,2015
05362,      Rhein-Erft-Kreis,466657.0,96931.0,0.2077135883529016,7,1.5000310720722072,,,,,2015
05366,"      Euskirchen, Kreis",191165.0,39492.0,0.2065859336175555,4,2.0924332383019904,,,,,2015
05370,"      Heinsberg, Kreis",252527.0,50373.0,0.1994756996281586,5,1.9799862984948144,,,,,2015
05374,      Oberbergischer Kreis,273452.0,56586.0,0.20693211239998244,4,1.462779573746032,,,,,2015
05378,      Rheinisch-Bergischer Kreis,282729.0,64475.0,0.22804523059183882,5,1.7684779417746321,,,,,2015
05382,      Rhein-Sieg-Kreis,596213.0,122723.0,0.20583751109083498,8,1.3418023424514394,,,,,2015
05512,"      Bottrop, kreisfreie Stadt",117143.0,25333.0,0.2162570533450569,2,1.707314991079279,,,,,2015
05513,"      Gelsenkirchen, kreisfreie Stadt",260368.0,53508.0,0.20550912554538192,5,1.9203588766668716,,,,,2015
05515,"      Münster, kreisfreie Stadt",310039.0,51937.0,0.16751763487819274,9,2.9028606078590116,,,,,2015
05554,"      Borken, Kreis",369666.0,66780.0,0.18064955933193746,7,1.8936012508588833,,,,,2015
05558,"      Coesfeld, Kreis",218401.0,42715.0,0.19558060631590515,3,1.3736200841571238,,,,,2015
05562,"      Recklinghausen, Kreis",617807.0,136144.0,0.22036655460362217,12,1.9423541656213024,,,,,2015
05566,"      Steinfurt, Kreis",443374.0,85030.0,0.19177940068655355,7,1.5788025459318769,,,,,2015
05570,"      Warendorf, Kreis",277431.0,56316.0,0.20299101398185496,6,2.1626999145733534,,,,,2015
05711,"      Bielefeld, kreisfreie Stadt",333090.0,66245.0,0.19888018253324927,6,1.801314959920742,,,,,2015
05754,"      Gütersloh, Kreis",360642.0,68674.0,0.19042152605631069,3,0.831849867735871,,,,,2015
05758,"      Herford, Kreis",252122.0,54642.0,0.2167284092621826,3,1.189900127715947,,,,,2015
05762,"      Höxter, Kreis",144010.0,30908.0,0.2146239844455246,2,1.3887924449690994,,,,,2015
05766,"      Lippe, Kreis",350750.0,76702.0,0.218679971489665,3,0.8553100498930862,,,,,2015
05770,"      Minden-Lübbecke, Kreis",313050.0,67144.0,0.21448330937549911,9,2.8749401054144705,,,,,2015
05774,"      Paderborn, Kreis",304332.0,52365.0,0.17206537597097907,5,1.642942575871088,,,,,2015
05911,"      Bochum, kreisfreie Stadt",364742.0,79659.0,0.21839821024175993,7,1.9191647794879667,,,,,2015
05913,"      Dortmund, kreisfreie Stadt",586181.0,119108.0,0.20319321165305596,11,1.8765534877452528,,,,,2015
05914,"      Hagen, kreisfreie Stadt",189044.0,42213.0,0.22329722181079537,5,2.6448869046359578,,,,,2015
05915,"      Hamm, kreisfreie Stadt",179397.0,36443.0,0.20314163559033874,5,2.7871146117270635,,,,,2015
05916,"      Herne, kreisfreie Stadt",155851.0,34099.0,0.21879230803780533,5,3.2081924402153343,,,,,2015
05954,      Ennepe-Ruhr-Kreis,325954.0,75603.0,0.23194377120698012,6,1.840750535351614,,,,,2015
05958,      Hochsauerlandkreis,263762.0,56459.0,0.2140528203456146,11,4.170426369226803,,,,,2015
05962,      Märkischer Kreis,416171.0,89486.0,0.2150221903976971,11,2.643144284440771,,,,,2015
05966,"      Olpe, Kreis",136365.0,26364.0,0.19333406665933342,2,1.4666520001466652,,,,,2015
05970,"      Siegen-Wittgenstein, Kreis",280800.0,58463.0,0.20820156695156694,6,2.1367521367521367,,,,,2015
05974,"      Soest, Kreis",302995.0,61912.0,0.20433340484166404,9,2.970346045314279,,,,,2015
05978,"      Unna, Kreis",396035.0,86906.0,0.21944020099233655,8,2.020023482772987,,,,,2015
06411,"      Darmstadt, kreisfreie Stadt, Wissenschaftsstadt",155353.0,26960.0,0.17354025992417269,5,3.218476630641185,,,,,2015
06412,"      Frankfurt am Main, kreisfreie Stadt",732688.0,115485.0,0.15761824951411788,11,1.5013211626231082,,,,,2015
06413,"      Offenbach am Main, kreisfreie Stadt",123734.0,21032.0,0.16997753244863983,3,2.4245559021772514,,,,,2015
06414,"      Wiesbaden, kreisfreie Stadt, Landeshauptstadt",276218.0,55062.0,0.1993425482770855,6,2.172197322404767,,,,,2015
06431,"      Bergstraße, Landkreis",266928.0,57677.0,0.21607699454534557,4,1.498531439189594,,,,,2015
06432,"      Darmstadt-Dieburg, Landkreis",292773.0,59144.0,0.20201316378217937,2,0.6831231021986317,,,,,2015
06433,"      Groß-Gerau, Landkreis",266042.0,51081.0,0.19200351824148068,2,0.7517610001428346,,,,,2015
06434,      Hochtaunuskreis,233427.0,52306.0,0.22407861986831001,4,1.7135978271579553,,,,,2015
06435,      Main-Kinzig-Kreis,411956.0,86724.0,0.21051762809620445,3,0.7282331122741263,,,,,2015
06436,      Main-Taunus-Kreis,232848.0,49147.0,0.21106902356902357,3,1.2883941455370027,,,,,2015
06437,      Odenwaldkreis,97000.0,21747.0,0.2241958762886598,2,2.0618556701030926,,,,,2015
06438,"      Offenbach, Landkreis",347357.0,72587.0,0.20896944641967774,2,0.5757765065912016,,,,,2015
06439,      Rheingau-Taunus-Kreis,184114.0,41069.0,0.2230628849517147,5,2.7157087456684446,,,,,2015
06440,      Wetteraukreis,301931.0,62128.0,0.20576886772143305,6,1.9872089980823433,,,,,2015
06531,"      Gießen, Landkreis",262505.0,49824.0,0.18980209900763795,4,1.5237804994190587,,,,,2015
06532,      Lahn-Dill-Kreis,253167.0,54528.0,0.21538352154901705,8,3.159969506294264,,,,,2015
06533,"      Limburg-Weilburg, Landkreis",171922.0,35268.0,0.20513954002396437,3,1.7449773734600575,,,,,2015
06534,"      Marburg-Biedenkopf, Landkreis",245241.0,46922.0,0.19133016094372474,5,2.038810802435156,,,,,2015
06535,      Vogelsbergkreis,107256.0,24798.0,0.23120384873573507,4,3.729395092116059,,,,,2015
06611,"      Kassel, kreisfreie Stadt, documenta-Stadt",197984.0,39045.0,0.19721290609342168,7,3.5356392435752384,,,,,2015
06631,"      Fulda, Landkreis",220132.0,44970.0,0.2042865189976923,5,2.27136445405484,,,,,2015
06632,"      Hersfeld-Rotenburg, Landkreis",121166.0,28338.0,0.23387749038509154,4,3.3012561279566874,,,,,2015
06633,"      Kassel, Landkreis",235813.0,57173.0,0.24245058584556406,4,1.6962593241254722,,,,,2015
06634,      Schwalm-Eder-Kreis,180310.0,40578.0,0.22504575453385836,5,2.7730020520215186,,,,,2015
06635,"      Waldeck-Frankenberg, Landkreis",157592.0,35464.0,0.22503680389867506,7,4.441849840093406,,,,,2015
06636,      Werra-Meißner-Kreis,100715.0,25353.0,0.2517301295735491,2,1.9858015191381622,,,,,2015
07111,"      Koblenz, kreisfreie Stadt",112586.0,24227.0,0.21518661290036062,3,2.6646297052919548,,,,,2015
07131,"      Ahrweiler, Landkreis",127770.0,30566.0,0.2392267355404242,7,5.478594349221257,,,,,2015
07132,"      Altenkirchen (Westerwald), Landkreis",129171.0,27607.0,0.21372444279288694,2,1.5483351526271376,,,,,2015
07133,"      Bad Kreuznach, Landkreis",156821.0,35088.0,0.2237455442829723,5,3.1883484992443614,,,,,2015
07134,"      Birkenfeld, Landkreis",80615.0,19079.0,0.2366681138745891,2,2.4809278670222663,,,,,2015
07135,"      Cochem-Zell, Landkreis",62391.0,14495.0,0.23232517510538378,3,4.808385824878588,,,,,2015
07137,"      Mayen-Koblenz, Landkreis",211925.0,44708.0,0.21096142503244072,4,1.8874601863866933,,,,,2015
07138,"      Neuwied, Landkreis",180655.0,39254.0,0.21728709418504885,7,3.87478896238687,,,,,2015
07140,      Rhein-Hunsrück-Kreis,102529.0,22223.0,0.21674843215090364,2,1.9506676159915732,,,,,2015
07141,      Rhein-Lahn-Kreis,123543.0,27851.0,0.22543567826586694,6,4.856608630193536,,,,,2015
07143,      Westerwaldkreis,200302.0,40718.0,0.20328304260566543,2,0.99849227666224,,,,,2015
07211,"      Trier, kreisfreie Stadt",114914.0,19312.0,0.16805611152688096,3,2.6106479628243733,,,,,2015
07231,"      Bernkastel-Wittlich, Landkreis",111828.0,24346.0,0.2177093393425618,1,0.8942304252959903,,,,,2015
07232,      Eifelkreis Bitburg-Prüm,97180.0,19453.0,0.20017493311380943,2,2.058036633052068,,,,,2015
07233,"      Vulkaneifel, Landkreis",60794.0,14181.0,0.23326315096884562,1,1.6448991676810212,,,,,2015
07235,"      Trier-Saarburg, Landkreis",147999.0,28878.0,0.195122940019865,2,1.35136048216542,,,,,2015
07311,"      Frankenthal (Pfalz), kreisfreie Stadt",48363.0,10874.0,0.22484130430287616,1,2.0676963794636394,,,,,2015
07312,"      Kaiserslautern, kreisfreie Stadt",98520.0,19735.0,0.2003146569224523,2,2.0300446609825413,,,,,2015
07313,"      Landau in der Pfalz, kreisfreie Stadt",45362.0,8645.0,0.1905780168422909,2,4.408976676513381,,,,,2015
07314,"      Ludwigshafen am Rhein, kreisfreie Stadt",164718.0,31994.0,0.1942349955681832,4,2.428392768246336,,,,,2015
07315,"      Mainz, kreisfreie Stadt",209779.0,37072.0,0.17671930936843058,4,1.9067685516662776,,,,,2015
07316,"      Neustadt an der Weinstraße, kreisfreie Stadt",52999.0,12483.0,0.23553274590086606,1,1.8868280533594974,,,,,2015
07317,"      Pirmasens, kreisfreie Stadt",40125.0,10265.0,0.25582554517133954,1,2.492211838006231,,,,,2015
07318,"      Speyer, kreisfreie Stadt",50284.0,10913.0,0.21702728502108026,2,3.9774083207382067,,,,,2015
07319,"      Worms, kreisfreie Stadt",82102.0,16404.0,0.19980024847141362,3,3.6539913765803513,,,,,2015
07320,"      Zweibrücken, kreisfreie Stadt",34260.0,7750.0,0.22621132516053707,1,2.918855808523059,,,,,2015
07331,"      Alzey-Worms, Landkreis",127274.0,23840.0,0.18731241259015982,2,1.5714128572999984,,,,,2015
07332,"      Bad Dürkheim, Landkreis",132203.0,30669.0,0.23198414559427546,3,2.269237460571999,,,,,2015
07333,      Donnersbergkreis,75230.0,15245.0,0.2026452213212814,1,1.3292569453675396,,,,,2015
07334,"      Germersheim, Landkreis",127303.0,23971.0,0.18829878321799173,1,0.7855274424012003,,,,,2015
07335,"      Kaiserslautern, Landkreis",104966.0,21776.0,0.20745765295428997,0,0.0,,,,,2015
07336,"      Kusel, Landkreis",70997.0,15999.0,0.22534754989647449,0,0.0,,,,,2015
07337,"      Südliche Weinstraße, Landkreis",110526.0,24289.0,0.21975824692832455,3,2.714293469409913,,,,,2015
07338,      Rhein-Pfalz-Kreis,151546.0,33551.0,0.22139152468557402,0,0.0,,,,,2015
07339,"      Mainz-Bingen, Landkreis",208749.0,40785.0,0.19537818145236624,3,1.4371326329706968,,,,,2015
07340,"      Südwestpfalz, Landkreis",96474.0,22965.0,0.2380434106598669,2,2.0730974148475236,,,,,2015
08111,"      Stuttgart, Stadtkreis",623738.0,112325.0,0.18008362485530785,16,2.5651796106698646,,,,,2015
08115,"      Böblingen, Landkreis",381281.0,75327.0,0.19756295225830817,5,1.3113687805057164,,,,,2015
08116,"      Esslingen, Landkreis",524127.0,106245.0,0.2027085038549817,6,1.1447607163912563,,,,,2015
08117,"      Göppingen, Landkreis",252749.0,53744.0,0.21263783437323194,3,1.1869483163138133,,,,,2015
08118,"      Ludwigsburg, Landkreis",534074.0,104540.0,0.19574066515127117,6,1.1234398229458837,,,,,2015
08119,"      Rems-Murr-Kreis, Landkreis",419456.0,86980.0,0.20736382361916386,4,0.9536161122978334,,,,,2015
08121,"      Heilbronn, Stadtkreis",122567.0,24318.0,0.19840576990543948,4,3.2635211761730316,,,,,2015
08125,"      Heilbronn, Landkreis",334388.0,62684.0,0.187458880103353,4,1.1962151751857124,,,,,2015
08126,"      Hohenlohekreis, Landkreis",110181.0,20636.0,0.18729181982374457,1,0.9075974986612937,,,,,2015
08127,"      Schwäbisch Hall, Landkreis",191614.0,35616.0,0.18587368355130626,3,1.565647604037283,,,,,2015
08128,"      Main-Tauber-Kreis, Landkreis",132181.0,28490.0,0.21553778530953768,6,4.539230297849161,,,,,2015
08135,"      Heidenheim, Landkreis",130527.0,28353.0,0.2172194258659128,1,0.7661250162801566,,,,,2015
08136,"      Ostalbkreis, Landkreis",312650.0,62082.0,0.19856708779785703,4,1.2793858947705101,,,,,2015
08211,"      Baden-Baden, Stadtkreis",54160.0,14289.0,0.2638293943870015,3,5.539143279172822,,,,,2015
08212,"      Karlsruhe, Stadtkreis",307755.0,56786.0,0.1845169046806713,5,1.6246689736966093,,,,,2015
08215,"      Karlsruhe, Landkreis",435841.0,89434.0,0.20519868484149037,2,0.4588829412561003,,,,,2015
08216,"      Rastatt, Landkreis",227474.0,47365.0,0.20822159895196812,4,1.758442723124401,,,,,2015
08221,"      Heidelberg, Stadtkreis",156267.0,25382.0,0.16242712792848138,10,6.399303755751375,,,,,2015
08222,"      Mannheim, Stadtkreis",305780.0,56749.0,0.18558767741513507,4,1.3081300281247956,,,,,2015
08225,"      Neckar-Odenwald-Kreis, Landkreis",142936.0,29705.0,0.20782028320367157,4,2.7984552527005095,,,,,2015
08226,"      Rhein-Neckar-Kreis, Landkreis",541859.0,113114.0,0.20875172323427313,5,0.9227492761031929,,,,,2015
08231,"      Pforzheim, Stadtkreis",122247.0,24928.0,0.2039150244995787,5,4.09007992016164,,,,,2015
08235,"      Calw, Landkreis",155359.0,31408.0,0.20216402010826537,7,4.50569326527591,,,,,2015
08236,"      Enzkreis, Landkreis",196066.0,40429.0,0.2062009731416972,4,2.0401293442004222,,,,,2015
08237,"      Freudenstadt, Landkreis",116233.0,23290.0,0.20037338793630036,2,1.7206817341030518,,,,,2015
08311,"      Freiburg im Breisgau, Stadtkreis",226393.0,36414.0,0.16084419571276498,5,2.208548850892033,,,,,2015
08315,"      Breisgau-Hochschwarzwald, Landkreis",257343.0,53921.0,0.2095296938327446,9,3.497277951994031,,,,,2015
08316,"      Emmendingen, Landkreis",162082.0,32497.0,0.20049727915499563,4,2.467886625288434,,,,,2015
08317,"      Ortenaukreis, Landkreis",420106.0,84647.0,0.20148962404726425,11,2.6183867880963376,,,,,2015
08325,"      Rottweil, Landkreis",137500.0,28506.0,0.20731636363636363,4,2.9090909090909087,,,,,2015
08326,"      Schwarzwald-Baar-Kreis, Landkreis",209648.0,45667.0,0.21782702434556972,5,2.38495001144776,,,,,2015
08327,"      Tuttlingen, Landkreis",136606.0,26366.0,0.19300762777623237,2,1.4640645359647453,,,,,2015
08335,"      Konstanz, Landkreis",280288.0,57413.0,0.20483574038132207,8,2.854207101267268,,,,,2015
08336,"      Lörrach, Landkreis",226708.0,44960.0,0.19831677752880358,3,1.3232881062865007,,,,,2015
08337,"      Waldshut, Landkreis",167861.0,34326.0,0.20449062021553546,5,2.9786549585669095,,,,,2015
08415,"      Reutlingen, Landkreis",282113.0,56836.0,0.20146537025943506,5,1.7723394526306833,,,,,2015
08416,"      Tübingen, Landkreis",221837.0,36722.0,0.1655359565807327,5,2.2539071480411295,,,,,2015
08417,"      Zollernalbkreis, Landkreis",188595.0,40210.0,0.21320819746016598,3,1.5907102521275749,,,,,2015
08421,"      Ulm, Stadtkreis",122636.0,22707.0,0.18515770246909555,4,3.2616849864640076,,,,,2015
08425,"      Alb-Donau-Kreis, Landkreis",192104.0,35998.0,0.18738808145587807,3,1.5616541040269856,,,,,2015
08426,"      Biberach, Landkreis",194019.0,34995.0,0.18036893293955747,5,2.577067194450028,,,,,2015
08435,"      Bodenseekreis, Landkreis",212201.0,46509.0,0.21917427344828724,5,2.3562565680651835,,,,,2015
08436,"      Ravensburg, Landkreis",279296.0,53535.0,0.19167836274060496,9,3.222387717690192,,,,,2015
08437,"      Sigmaringen, Landkreis",130772.0,25355.0,0.19388707062673968,2,1.5293793778484692,,,,,2015
09161,"      Ingolstadt, kreisfreie Stadt",132438.0,24715.0,0.18661562391458644,3,2.2652108911339646,,,,,2015
09162,"      München, kreisfreie Stadt",1450381.0,258683.0,0.17835520459796425,43,2.964738230851066,,,,,2015
09163,"      Rosenheim, kreisfreie Stadt",61844.0,12546.0,0.20286527391501197,2,3.2339434706681325,,,,,2015
09171,"      Altötting, Landkreis",108485.0,23151.0,0.21340277457713047,2,1.8435728441720052,,,,,2015
09172,"      Berchtesgadener Land, Landkreis",103907.0,24344.0,0.23428642921073653,9,8.661591615579317,,,,,2015
09173,"      Bad Tölz-Wolfratshausen, Landkreis",124930.0,26326.0,0.21072600656367566,4,3.201793004082286,,,,,2015
09174,"      Dachau, Landkreis",149370.0,26834.0,0.17964785432148356,1,0.6694784762669881,,,,,2015
09175,"      Ebersberg, Landkreis",137421.0,25646.0,0.18662358737019816,1,0.7276908187249401,,,,,2015
09176,"      Eichstätt, Landkreis",128805.0,21997.0,0.17077753192810838,2,1.552734754085633,,,,,2015
09177,"      Erding, Landkreis",133747.0,21866.0,0.16348777916514015,3,2.2430409654048313,,,,,2015
09178,"      Freising, Landkreis",173225.0,27040.0,0.15609756097560976,1,0.5772838793476692,,,,,2015
09179,"      Fürstenfeldbruck, Landkreis",213481.0,45971.0,0.2153400068390161,1,0.46842576154318183,,,,,2015
09180,"      Garmisch-Partenkirchen, Landkreis",87385.0,21768.0,0.24910453739200092,6,6.8661669622933,,,,,2015
09181,"      Landsberg am Lech, Landkreis",117657.0,22643.0,0.19244923803938568,3,2.549784543206099,,,,,2015
09182,"      Miesbach, Landkreis",98286.0,22049.0,0.2243351036770242,2,2.0348778055877745,,,,,2015
09183,"      Mühldorf a.Inn, Landkreis",112034.0,21958.0,0.19599407322777015,1,0.8925861791956012,,,,,2015
09184,"      München, Landkreis",340003.0,69757.0,0.2051658367720285,3,0.8823451557780373,,,,,2015
09185,"      Neuburg-Schrobenhausen, Landkreis",94654.0,17554.0,0.1854543917848163,2,2.112958776174277,,,,,2015
09186,"      Pfaffenhofen a.d.Ilm, Landkreis",124128.0,21625.0,0.1742153261149781,1,0.8056200051559681,,,,,2015
09187,"      Rosenheim, Landkreis",256074.0,52715.0,0.20585846278810033,15,5.857681763865132,,,,,2015
09188,"      Starnberg, Landkreis",133621.0,30368.0,0.2272696656962603,9,6.735468227299601,,,,,2015
09189,"      Traunstein, Landkreis",174162.0,39004.0,0.22395241212204728,4,2.2967122564049562,,,,,2015
09190,"      Weilheim-Schongau, Landkreis",132906.0,27923.0,0.2100958572223978,4,3.0096459151580817,,,,,2015
09261,"      Landshut, kreisfreie Stadt",69211.0,14407.0,0.2081605525133288,4,5.779428125586973,,,,,2015
09262,"      Passau, kreisfreie Stadt",50566.0,10919.0,0.21593560890717084,3,5.932840248388245,,,,,2015
09263,"      Straubing, kreisfreie Stadt",46806.0,9891.0,0.2113190616587617,1,2.1364782292868436,,,,,2015
09271,"      Deggendorf, Landkreis",116596.0,22916.0,0.19654190538268895,4,3.4306494219355725,,,,,2015
09272,"      Freyung-Grafenau, Landkreis",78122.0,16057.0,0.20553749263971738,1,1.2800491538875092,,,,,2015
09273,"      Kelheim, Landkreis",118965.0,21376.0,0.17968310007144958,2,1.681166729710419,,,,,2015
09274,"      Landshut, Landkreis",154577.0,27793.0,0.179800358397433,1,0.6469267743584103,,,,,2015
09275,"      Passau, Landkreis",188336.0,39599.0,0.21025719989805455,5,2.654829666128621,,,,,2015
09276,"      Regen, Landkreis",76812.0,16389.0,0.2133650992032495,2,2.603759829193355,,,,,2015
09277,"      Rottal-Inn, Landkreis",119218.0,24787.0,0.207913234578671,2,1.677599020282172,,,,,2015
09278,"      Straubing-Bogen, Landkreis",98806.0,18488.0,0.18711414286581787,3,3.036252859138109,,,,,2015
09279,"      Dingolfing-Landau, Landkreis",94104.0,17433.0,0.18525248661055854,1,1.062654084842302,,,,,2015
09361,"      Amberg, kreisfreie Stadt",41861.0,9516.0,0.22732376197415255,1,2.3888583645875636,,,,,2015
09362,"      Regensburg, kreisfreie Stadt",145465.0,25658.0,0.17638607225105696,5,3.437252947444403,,,,,2015
09363,"      Weiden i.d.OPf., kreisfreie Stadt",42055.0,9610.0,0.2285102841517061,1,2.3778385447628105,,,,,2015
09371,"      Amberg-Sulzbach, Landkreis",103568.0,20896.0,0.2017611617488027,2,1.9310984087749112,,,,,2015
09372,"      Cham, Landkreis",126359.0,25632.0,0.20285060818778242,4,3.1655837732175787,,,,,2015
09373,"      Neumarkt i.d.OPf., Landkreis",130385.0,23790.0,0.18245963876212754,3,2.300878168500978,,,,,2015
09374,"      Neustadt a.d.Waldnaab, Landkreis",95078.0,18885.0,0.19862639096320917,1,1.0517680220450578,,,,,2015
09375,"      Regensburg, Landkreis",189390.0,34895.0,0.18424943238819366,2,1.0560219652568774,,,,,2015
09376,"      Schwandorf, Landkreis",144864.0,28682.0,0.19799259995582064,5,3.45151314336205,,,,,2015
09377,"      Tirschenreuth, Landkreis",73314.0,16119.0,0.21986250920697276,2,2.7279919251439013,,,,,2015
09461,"      Bamberg, kreisfreie Stadt",73331.0,14786.0,0.20163368834462914,1,1.3636797534467004,,,,,2015
09462,"      Bayreuth, kreisfreie Stadt",72148.0,15634.0,0.21669346343626988,2,2.772079614126518,,,,,2015
09463,"      Coburg, kreisfreie Stadt",41257.0,9586.0,0.23234844996000678,1,2.423831107448433,,,,,2015
09464,"      Hof, kreisfreie Stadt",44660.0,10900.0,0.24406627854903717,1,2.239140170174653,,,,,2015
09471,"      Bamberg, Landkreis",145570.0,26298.0,0.1806553548121179,2,1.3739094593666277,,,,,2015
09472,"      Bayreuth, Landkreis",104306.0,22323.0,0.2140145341591088,1,0.9587176193124077,,,,,2015
09473,"      Coburg, Landkreis",86599.0,19448.0,0.22457534151664568,2,2.3094954907100544,,,,,2015
09474,"      Forchheim, Landkreis",114834.0,22268.0,0.19391469425431493,2,1.7416444606997927,,,,,2015
09475,"      Hof, Landkreis",96429.0,24403.0,0.2530670234058219,3,3.1110972840120708,,,,,2015
09476,"      Kronach, Landkreis",67916.0,15795.0,0.2325667000412274,1,1.4724070911125509,,,,,2015
09477,"      Kulmbach, Landkreis",72468.0,16719.0,0.23070872661036596,2,2.759838825412596,,,,,2015
09478,"      Lichtenfels, Landkreis",66655.0,14471.0,0.21710299302377917,3,4.500787637836622,,,,,2015
09479,"      Wunsiedel i.Fichtelgebirge, Landkreis",73185.0,19196.0,0.26229418596706977,1,1.366400218624035,,,,,2015
09561,"      Ansbach, kreisfreie Stadt",41159.0,8803.0,0.21387788818970335,3,7.288806822323186,,,,,2015
09562,"      Erlangen, kreisfreie Stadt",108336.0,19617.0,0.18107554275587062,3,2.769162605228179,,,,,2015
09563,"      Fürth, kreisfreie Stadt",124171.0,22711.0,0.18290099942820787,2,1.6106820433112403,,,,,2015
09564,"      Nürnberg, kreisfreie Stadt",509975.0,103673.0,0.20329035737045933,10,1.9608804353154567,,,,,2015
09565,"      Schwabach, kreisfreie Stadt",40428.0,8719.0,0.21566735925596123,1,2.4735331948154746,,,,,2015
09571,"      Ansbach, Landkreis",181314.0,35182.0,0.19403907034205853,1,0.5515293910012464,,,,,2015
09572,"      Erlangen-Höchstadt, Landkreis",134136.0,26324.0,0.19624858352716645,2,1.491024035307449,,,,,2015
09573,"      Fürth, Landkreis",114291.0,25563.0,0.22366590545187284,0,0.0,,,,,2015
09574,"      Nürnberger Land, Landkreis",167643.0,36723.0,0.2190547771156565,4,2.386022679145565,,,,,2015
09575,"      Neustadt a.d.Aisch-Bad Windsheim, Landkreis",98751.0,19829.0,0.20079796660286983,3,3.037943919555245,,,,,2015
09576,"      Roth, Landkreis",125140.0,25229.0,0.2016062010548186,1,0.7991050023973151,,,,,2015
09577,"      Weißenburg-Gunzenhausen, Landkreis",93342.0,19747.0,0.21155535557412525,3,3.2139872726104004,,,,,2015
09661,"      Aschaffenburg, kreisfreie Stadt",68986.0,14120.0,0.20467921027454847,3,4.348708433595222,,,,,2015
09662,"      Schweinfurt, kreisfreie Stadt",51969.0,12636.0,0.24314495179818738,2,3.8484481132983124,,,,,2015
09663,"      Würzburg, kreisfreie Stadt",124873.0,25262.0,0.2023015383629768,9,7.207322639802039,,,,,2015
09671,"      Aschaffenburg, Landkreis",173695.0,35593.0,0.2049166642678258,1,0.5757218112208181,,,,,2015
09672,"      Bad Kissingen, Landkreis",103106.0,24163.0,0.23435105619459584,5,4.849378309700696,,,,,2015
09673,"      Rhön-Grabfeld, Landkreis",79723.0,16808.0,0.21082999887109116,5,6.271715816012945,,,,,2015
09674,"      Haßberge, Landkreis",84581.0,16577.0,0.19598964306404512,1,1.1822986249866991,,,,,2015
09675,"      Kitzingen, Landkreis",89306.0,17823.0,0.19957225718316798,2,2.2394911876021766,,,,,2015
09676,"      Miltenberg, Landkreis",128446.0,26144.0,0.20354078756831664,1,0.778537284150538,,,,,2015
09677,"      Main-Spessart, Landkreis",126123.0,27389.0,0.21716102534827114,2,1.5857535897496888,,,,,2015
09678,"      Schweinfurt, Landkreis",114813.0,23770.0,0.20703230470417114,5,4.354907545312813,,,,,2015
09679,"      Würzburg, Landkreis",160427.0,32427.0,0.20212931738423084,1,0.6233364707935697,,,,,2015
09761,"      Augsburg, kreisfreie Stadt",286374.0,56718.0,0.19805568941314505,6,2.0951622703178363,,,,,2015
09762,"      Kaufbeuren, kreisfreie Stadt",42731.0,9715.0,0.22735250754721398,2,4.680442769886031,,,,,2015
09763,"      Kempten (Allgäu), kreisfreie Stadt",66947.0,14980.0,0.22375909301387664,2,2.987437823950289,,,,,2015
09764,"      Memmingen, kreisfreie Stadt",42841.0,9123.0,0.2129502112462361,2,4.668425106790224,,,,,2015
09771,"      Aichach-Friedberg, Landkreis",130916.0,25048.0,0.19132879098047603,2,1.5276971493171194,,,,,2015
09772,"      Augsburg, Landkreis",245600.0,49055.0,0.199735342019544,3,1.2214983713355048,,,,,2015
09773,"      Dillingen a.d.Donau, Landkreis",94575.0,18290.0,0.19339148823684907,1,1.0573618821041502,,,,,2015
09774,"      Günzburg, Landkreis",123153.0,23228.0,0.1886109148782409,5,4.059990418422612,,,,,2015
09775,"      Neu-Ulm, Landkreis",170309.0,33562.0,0.1970653341866842,3,1.7615040896253282,,,,,2015
09776,"      Lindau (Bodensee), Landkreis",80429.0,17968.0,0.22340200673886285,5,6.2166631438908855,,,,,2015
09777,"      Ostallgäu, Landkreis",137709.0,28303.0,0.20552759805096255,4,2.9046758018720635,,,,,2015
09778,"      Unterallgäu, Landkreis",140419.0,29004.0,0.20655324421908716,2,1.4243086761763009,,,,,2015
09779,"      Donau-Ries, Landkreis",131345.0,25401.0,0.19339144999809663,2,1.5227073737104573,,,,,2015
09780,"      Oberallgäu, Landkreis",152672.0,34061.0,0.22309919304129114,2,1.3099979040033536,,,,,2015
10041,"      Saarbrücken, Regionalverband",327380.0,73605.0,0.22483047223410105,7,2.1381880383652025,,,,,2015
10042,"      Merzig-Wadern, Landkreis",103997.0,22235.0,0.2138042443532025,3,2.8846985970749155,,,,,2015
10043,"      Neunkirchen, Landkreis",133735.0,31578.0,0.23612367742176693,4,2.990989643698359,,,,,2015
10044,"      Saarlouis, Landkreis",197009.0,44959.0,0.22820784837240937,5,2.537955118801679,,,,,2015
10045,      Saarpfalz-Kreis,144584.0,34684.0,0.23988823106291152,2,1.3832789243623083,,,,,2015
10046,"      St. Wendel, Landkreis",88892.0,20569.0,0.2313931512397066,1,1.1249606263780767,,,,,2015
12051,"      Brandenburg an der Havel, kreisfreie Stadt",71574.0,19171.0,0.2678486601279794,3,4.191466174867969,,,,,2015
12052,"      Cottbus, kreisfreie Stadt",99687.0,23997.0,0.24072346444370882,2,2.0062796553211553,,,,,2015
12053,"      Frankfurt (Oder), kreisfreie Stadt",58092.0,14102.0,0.24275287475039592,1,1.7214074227088068,,,,,2015
12054,"      Potsdam, kreisfreie Stadt",167745.0,32740.0,0.1951772034933977,5,2.9807147754031416,,,,,2015
12060,"      Barnim, Landkreis",177411.0,39864.0,0.224698581260463,5,2.8183145351753836,,,,,2015
12061,"      Dahme-Spreewald, Landkreis",164528.0,38123.0,0.23171131965379754,4,2.431197121462608,,,,,2015
12062,"      Elbe-Elster, Landkreis",104673.0,27534.0,0.2630477773637901,1,0.9553562045608704,,,,,2015
12063,"      Havelland, Landkreis",158236.0,33938.0,0.21447711013928564,1,0.6319674410374377,,,,,2015
12064,"      Märkisch-Oderland, Landkreis",190714.0,43103.0,0.22600857829000492,2,1.0486907096490032,,,,,2015
12065,"      Oberhavel, Landkreis",207524.0,45187.0,0.21774348990960082,4,1.927487905013396,,,,,2015
12066,"      Oberspreewald-Lausitz, Landkreis",112450.0,30684.0,0.2728679413072477,1,0.8892841262783459,,,,,2015
12067,"      Oder-Spree, Landkreis",182397.0,44083.0,0.2416870891516856,5,2.7412731569049926,,,,,2015
12068,"      Ostprignitz-Ruppin, Landkreis",99110.0,23453.0,0.23663606094238723,1,1.008979921299566,,,,,2015
12069,"      Potsdam-Mittelmark, Landkreis",210910.0,44397.0,0.2105021099046987,5,2.3706794367265656,,,,,2015
12070,"      Prignitz, Landkreis",77573.0,20605.0,0.26562077011331264,1,1.2891083237724468,,,,,2015
12071,"      Spree-Neiße, Landkreis",117635.0,30158.0,0.25636927785097974,2,1.7001742678624558,,,,,2015
12072,"      Teltow-Fläming, Landkreis",163553.0,35599.0,0.21766033029048687,2,1.2228451939126765,,,,,2015
12073,"      Uckermark, Landkreis",121014.0,31113.0,0.25710248401011454,5,4.131753350851968,,,,,2015
13003,"      Rostock, kreisfreie Stadt",206011.0,47633.0,0.23121580886457518,4,1.9416438928018407,,,,,2015
13004,"      Schwerin, kreisfreie Stadt",96800.0,23185.0,0.23951446280991737,1,1.0330578512396695,,,,,2015
13071,"      Mecklenburgische Seenplatte, Landkreis",262517.0,62217.0,0.23700179416952044,5,1.904638556741087,,,,,2015
13072,      Landkreis Rostock,213473.0,47015.0,0.22023862502517882,5,2.3422165800827273,,,,,2015
13073,"      Vorpommern-Rügen, Landkreis",224820.0,54839.0,0.243924028111378,4,1.7792011386887288,,,,,2015
13074,"      Nordwestmecklenburg, Landkreis",156270.0,34225.0,0.21901196646829205,2,1.279836180968836,,,,,2015
13075,"      Vorpommern-Greifswald, Landkreis",238358.0,55324.0,0.23210464930902255,8,3.356295991743512,,,,,2015
13076,"      Ludwigslust-Parchim, Landkreis",214113.0,46660.0,0.21792231205017912,5,2.335215517040068,,,,,2015
14511,"      Chemnitz, kreisfreie Stadt",248645.0,66371.0,0.26693076474491745,2,0.804359629190211,,,,,2015
14521,      Erzgebirgskreis,347665.0,93269.0,0.2682726187565616,5,1.4381660506522083,,,,,2015
14522,"      Mittelsachsen, Landkreis",312450.0,82868.0,0.2652200352056329,7,2.2403584573531763,,,,,2015
14523,      Vogtlandkreis,232318.0,65730.0,0.2829311547103539,7,3.0131113387684123,,,,,2015
14524,"      Zwickau, Landkreis",324534.0,89903.0,0.27702182205870574,5,1.5406706231088267,,,,,2015
14612,"      Dresden, kreisfreie Stadt",543825.0,117325.0,0.21574035765181815,7,1.2871787799383994,,,,,2015
14625,"      Bautzen, Landkreis",306273.0,79256.0,0.25877566746007646,6,1.9590365458267625,,,,,2015
14626,"      Görlitz, Landkreis",260000.0,72686.0,0.2795615384615385,6,2.3076923076923075,,,,,2015
14627,"      Meißen, Landkreis",245244.0,63510.0,0.2589665802221461,4,1.6310286897946535,,,,,2015
14628,"      Sächsische Schweiz-Osterzgebirge, Landkreis",247412.0,64428.0,0.2604077409341503,6,2.4251046836855124,,,,,2015
14713,"      Leipzig, kreisfreie Stadt",560472.0,116927.0,0.2086223754264263,6,1.0705262707146834,,,,,2015
14729,"      Leipzig, Landkreis",258408.0,64944.0,0.2513234884368905,3,1.1609547692021918,,,,,2015
14730,"      Nordsachsen, Landkreis",197605.0,48147.0,0.2436527415804256,7,3.5424204853116064,,,,,2015
15001,"      Dessau-Roßlau, kreisfreie Stadt",82919.0,24801.0,0.2990991208287606,3,3.6179886395156715,,,,,2015
15002,"      Halle (Saale), kreisfreie Stadt",236991.0,55880.0,0.23578954475064454,6,2.531741711710571,,,,,2015
15003,"      Magdeburg, kreisfreie Stadt, Landeshauptstadt",235723.0,56206.0,0.23844088188254858,6,2.545360444250243,,,,,2015
15081,      Altmarkkreis Salzwedel,86164.0,19536.0,0.22673042105751823,1,1.1605775033656747,,,,,2015
15082,"      Anhalt-Bitterfeld, Landkreis",164817.0,43056.0,0.26123518811773055,2,1.2134670574030593,,,,,2015
15083,"      Börde, Landkreis",173473.0,38279.0,0.22066258149683235,2,1.1529171686660171,,,,,2015
15084,      Burgenlandkreis,184081.0,48885.0,0.2655624426203682,2,1.0864782351247548,,,,,2015
15085,"      Harz, Landkreis",221366.0,58042.0,0.2621992537246009,5,2.258702781818346,,,,,2015
15086,"      Jerichower Land, Landkreis",91693.0,22157.0,0.24164330974011103,4,4.36238316992573,,,,,2015
15087,"      Mansfeld-Südharz, Landkreis",141408.0,39086.0,0.27640586105453724,1,0.7071735686806969,,,,,2015
15088,      Saalekreis,186431.0,44991.0,0.24132789074778335,1,0.5363914799577324,,,,,2015
15089,      Salzlandkreis,196695.0,51976.0,0.26424667632629195,6,3.0504079920689393,,,,,2015
15090,"      Stendal, Landkreis",115262.0,27287.0,0.23673890787943988,4,3.470354496711839,,,,,2015
15091,"      Wittenberg, Landkreis",128447.0,34440.0,0.26812615319937405,3,2.3355936689840946,,,,,2015
16051,"      Erfurt, kreisfreie Stadt",210118.0,45160.0,0.21492685062679065,2,0.9518461055216593,,,,,2015
16052,"      Gera, kreisfreie Stadt",96011.0,26114.0,0.2719896678505588,1,1.041547322702607,,,,,2015
16053,"      Jena, kreisfreie Stadt",109527.0,22566.0,0.20603138952039224,1,0.9130168816821423,,,,,2015
16054,"      Suhl, kreisfreie Stadt",36778.0,10701.0,0.2909619881450867,1,2.7190168035238456,,,,,2015
16055,"      Weimar, kreisfreie Stadt",64131.0,14142.0,0.22051737849090144,1,1.5593082908421825,,,,,2015
16056,"      Eisenach, kreisfreie Stadt",42417.0,10741.0,0.2532239432303086,1,2.3575453238088504,,,,,2015
16061,"      Eichsfeld, Landkreis",101325.0,22319.0,0.2202714038983469,1,0.9869232667160128,,,,,2015
16062,"      Nordhausen, Landkreis",85355.0,21414.0,0.2508816120906801,4,4.686310116571964,,,,,2015
16063,      Wartburgkreis,125655.0,29764.0,0.23687079702359637,3,2.387489554733198,,,,,2015
16064,      Unstrut-Hainich-Kreis,105273.0,24517.0,0.2328897248107302,4,3.7996447332174443,,,,,2015
16065,      Kyffhäuserkreis,77110.0,19595.0,0.2541174944883932,1,1.2968486577616394,,,,,2015
16066,"      Schmalkalden-Meiningen, Landkreis",124623.0,30839.0,0.24745833433635847,3,2.4072602970559207,,,,,2015
16067,"      Gotha, Landkreis",136831.0,32468.0,0.23728541046984966,2,1.4616570806323128,,,,,2015
16068,"      Sömmerda, Landkreis",70600.0,15823.0,0.22412181303116147,0,0.0,,,,,2015
16069,"      Hildburghausen, Landkreis",64524.0,14969.0,0.231991197073957,2,3.099621846134772,,,,,2015
16070,      Ilm-Kreis,109620.0,26796.0,0.24444444444444444,2,1.8244845831052727,,,,,2015
16071,"      Weimarer Land, Landkreis",82127.0,18161.0,0.22113312308984864,3,3.6528790775262703,,,,,2015
16072,"      Sonneberg, Landkreis",56818.0,14994.0,0.2638952444647823,1,1.7600056320180224,,,,,2015
16073,"      Saalfeld-Rudolstadt, Landkreis",109278.0,29755.0,0.27228719412873587,3,2.7452918245209466,,,,,2015
16074,      Saale-Holzland-Kreis,86184.0,20257.0,0.23504362758748723,3,3.480924533556112,,,,,2015
16075,      Saale-Orla-Kreis,82951.0,20733.0,0.24994273727863436,1,1.2055309761184314,,,,,2015
16076,"      Greiz, Landkreis",101114.0,27400.0,0.2709812686670491,2,1.9779654647229858,,,,,2015
16077,"      Altenburger Land, Landkreis",92344.0,26304.0,0.2848479598024777,2,2.1658147795200557,,,,,2015
01001,"      Flensburg, kreisfreie Stadt",82801.0,17069.0,0.2061448533230275,2,2.415429765340998,,,,,2011
01002,"      Kiel, kreisfreie Stadt",237667.0,43538.0,0.18318908388627786,10,4.207567731321555,,,,,2011
01003,"      Lübeck, kreisfreie Stadt, Hansestadt",210679.0,48647.0,0.23090578557900882,7,3.3225902913911685,,,,,2011
01004,"      Neumünster, kreisfreie Stadt",77201.0,17042.0,0.22074843590108936,4,5.181280035232704,,,,,2011
01051,"      Dithmarschen, Kreis",133487.0,30789.0,0.23065167394577749,2,1.4982732400907954,,,,,2011
01053,"      Herzogtum Lauenburg, Kreis",187296.0,40473.0,0.2160911071245515,5,2.6695711600888434,,,,,2011
01054,"      Nordfriesland, Kreis",163029.0,36650.0,0.22480662949536587,5,3.06693901085083,,,,,2011
01055,"      Ostholstein, Kreis",197960.0,50666.0,0.25594059405940595,14,7.072135785007072,,,,,2011
01056,"      Pinneberg, Kreis",297307.0,64250.0,0.2161065834305953,3,1.009057977107838,,,,,2011
01057,"      Plön, Kreis",127212.0,30497.0,0.239733672923938,4,3.1443574505549794,,,,,2011
01058,"      Rendsburg-Eckernförde, Kreis",268846.0,57925.0,0.2154579201475938,3,1.1158804668843874,,,,,2011
01059,"      Schleswig-Flensburg, Kreis",195721.0,42757.0,0.21845892878127537,3,1.5327941304203432,,,,,2011
01060,"      Segeberg, Kreis",261141.0,53557.0,0.20508843881274866,8,3.0634791166457966,,,,,2011
01061,"      Steinburg, Kreis",130543.0,28056.0,0.21491768995656604,1,0.7660311161839394,,,,,2011
01062,"      Stormarn, Kreis",231376.0,50889.0,0.21994070257935136,6,2.593181661019293,,,,,2011
03101,"      Braunschweig, kreisfreie Stadt",243829.0,51405.0,0.21082397910010703,6,2.46074092909375,,,,,2011
03102,"      Salzgitter, kreisfreie Stadt",98588.0,23362.0,0.23696595934596504,2,2.0286444597719804,,,,,2011
03103,"      Wolfsburg, kreisfreie Stadt",120889.0,27614.0,0.22842442240402352,1,0.8272051220541158,,,,,2011
03151,"      Gifhorn, Landkreis",170865.0,31267.0,0.1829924209170983,2,1.1705147338542123,,,,,2011
03152,"      Göttingen, Landkreis",248025.0,49322.0,0.1988589859893156,10,4.031851627860095,,,,,2011
03153,"      Goslar, Landkreis",139575.0,36913.0,0.2644671323661114,5,3.5823034210997675,,,,,2011
03154,"      Helmstedt, Landkreis",90919.0,20858.0,0.22941299398365578,2,2.1997602261353513,,,,,2011
03155,"      Northeim, Landkreis",136516.0,32382.0,0.23720296522019396,4,2.9300594802074484,,,,,2011
03156,"      Osterode am Harz, Landkreis",76172.0,20391.0,0.2676967914719319,4,5.2512734338076985,,,,,2011
03157,"      Peine, Landkreis",130165.0,27156.0,0.20862751123573925,1,0.7682556754888027,,,,,2011
03158,"      Wolfenbüttel, Landkreis",120425.0,26866.0,0.22309321154245382,1,0.8303923603902844,,,,,2011
03241,"      Region Hannover, Landkreis",1106219.0,232570.0,0.21023865979521233,24,2.1695523219181734,,,,,2011
03251,"      Diepholz, Landkreis",209745.0,43923.0,0.2094114281627691,4,1.9070776418984958,,,,,2011
03252,"      Hameln-Pyrmont, Landkreis",149513.0,36544.0,0.24442021763993765,5,3.344190806150636,,,,,2011
03254,"      Hildesheim, Landkreis",276383.0,61690.0,0.22320475571941834,7,2.532717280006368,,,,,2011
03255,"      Holzminden, Landkreis",73155.0,18213.0,0.24896452737338529,3,4.1008816895632565,,,,,2011
03256,"      Nienburg (Weser), Landkreis",121390.0,25322.0,0.20860037894389982,1,0.8237910865804433,,,,,2011
03257,"      Schaumburg, Landkreis",157026.0,36572.0,0.23290410505266643,5,3.184186058359762,,,,,2011
03351,"      Celle, Landkreis",176054.0,38810.0,0.2204437274927011,1,0.5680075431401729,,,,,2011
03352,"      Cuxhaven, Landkreis",198115.0,45930.0,0.23183504530197108,4,2.0190293516391997,,,,,2011
03353,"      Harburg, Landkreis",239269.0,50554.0,0.21128520619052196,4,1.6717585646280966,,,,,2011
03354,"      Lüchow-Dannenberg, Landkreis",49082.0,12689.0,0.258526547410456,1,2.03740678863942,,,,,2011
03355,"      Lüneburg, Landkreis",174685.0,32793.0,0.18772647909093512,5,2.862294988121476,,,,,2011
03356,"      Osterholz, Landkreis",110842.0,23676.0,0.21360134245141732,2,1.80437018458707,,,,,2011
03357,"      Rotenburg (Wümme), Landkreis",162182.0,31117.0,0.19186469521895155,4,2.4663649480213587,,,,,2011
03358,      Heidekreis,136072.0,29432.0,0.2162972543947322,6,4.409430301605033,,,,,2011
03359,"      Stade, Landkreis",195606.0,38462.0,0.19662996022616894,4,2.0449270472275902,,,,,2011
03360,"      Uelzen, Landkreis",93284.0,22437.0,0.2405235624544402,7,7.503966382230608,,,,,2011
03361,"      Verden, Landkreis",131936.0,26703.0,0.20239358476837255,2,1.5158864904195974,,,,,2011
03401,"      Delmenhorst, kreisfreie Stadt",73364.0,15945.0,0.21734093015648,2,2.7261327081402325,,,,,2011
03402,"      Emden, kreisfreie Stadt",49848.0,10293.0,0.20648772267693788,1,2.006098539560263,,,,,2011
03403,"      Oldenburg (Oldenburg), kreisfreie Stadt",157706.0,28976.0,0.18373429038844433,3,1.9022738513436395,,,,,2011
03404,"      Osnabrück, kreisfreie Stadt",154513.0,30561.0,0.19778918278720883,5,3.2359736721182037,,,,,2011
03405,"      Wilhelmshaven, kreisfreie Stadt",76926.0,19530.0,0.25388035254660324,2,2.5999012037542575,,,,,2011
03451,"      Ammerland, Landkreis",117951.0,24505.0,0.20775576298632484,3,2.543429051046621,,,,,2011
03452,"      Aurich, Landkreis",186713.0,38419.0,0.205764997616663,3,1.6067440403185638,,,,,2011
03453,"      Cloppenburg, Landkreis",159290.0,24935.0,0.15653838910163853,2,1.2555715989704312,,,,,2011
03454,"      Emsland, Landkreis",311634.0,54751.0,0.17569007232843656,7,2.246224737993929,,,,,2011
03455,"      Friesland, Landkreis",97857.0,23125.0,0.2363142135973921,2,2.0437986040855534,,,,,2011
03456,"      Grafschaft Bentheim, Landkreis",133400.0,25394.0,0.19035982008995503,4,2.9985007496251876,,,,,2011
03457,"      Leer, Landkreis",163991.0,32466.0,0.19797427907629078,3,1.8293686848668522,,,,,2011
03458,"      Oldenburg, Landkreis",125265.0,24422.0,0.19496267912026505,3,2.3949227637408694,,,,,2011
03459,"      Osnabrück, Landkreis",350418.0,66973.0,0.1911231728963695,11,3.1391081508370005,,,,,2011
03460,"      Vechta, Landkreis",132752.0,20135.0,0.15167379775822587,5,3.7664215981680123,,,,,2011
03461,"      Wesermarsch, Landkreis",89527.0,19527.0,0.21811297150580272,2,2.2339629385548494,,,,,2011
03462,"      Wittmund, Landkreis",56572.0,12235.0,0.2162730679488086,1,1.767658912536237,,,,,2011
04011,"      Bremen, kreisfreie Stadt",544043.0,114796.0,0.21100538008944145,10,1.8380900039151318,,,,,2011
04012,"      Bremerhaven, kreisfreie Stadt",108139.0,24229.0,0.22405422650477627,4,3.698943027030026,,,,,2011
05111,"      Düsseldorf, kreisfreie Stadt",589649.0,117928.0,0.19999694733646628,13,2.2047014410267805,,,,,2011
05112,"      Duisburg, kreisfreie Stadt",487470.0,102631.0,0.21053808439493713,9,1.8462674626130837,,,,,2011
05113,"      Essen, kreisfreie Stadt",565900.0,124751.0,0.2204470754550274,13,2.297225658243506,,,,,2011
05114,"      Krefeld, kreisfreie Stadt",221864.0,48335.0,0.2178586882053871,5,2.2536328561641366,,,,,2011
05116,"      Mönchengladbach, kreisfreie Stadt",254834.0,52446.0,0.20580456297040425,5,1.9620615773405432,,,,,2011
05117,"      Mülheim an der Ruhr, kreisfreie Stadt",166804.0,39869.0,0.2390170499508405,2,1.1990120141003813,,,,,2011
05119,"      Oberhausen, kreisfreie Stadt",210256.0,44103.0,0.2097585800167415,4,1.9024427364736323,,,,,2011
05120,"      Remscheid, kreisfreie Stadt",110132.0,24145.0,0.2192369157011586,3,2.7240039225656485,,,,,2011
05122,"      Solingen, kreisfreie Stadt",155080.0,33856.0,0.21831312870776373,4,2.5793139025019345,,,,,2011
05124,"      Wuppertal, kreisfreie Stadt",342570.0,73323.0,0.21403800683072072,5,1.459555711241498,,,,,2011
05154,"      Kleve, Kreis",301171.0,57767.0,0.1918079761995677,7,2.3242609680214894,,,,,2011
05158,"      Mettmann, Kreis",477919.0,110407.0,0.23101613453325773,12,2.510885735867375,,,,,2011
05162,      Rhein-Kreis Neuss,437732.0,91495.0,0.20902058793965259,7,1.5991519925433828,,,,,2011
05166,"      Viersen, Kreis",295982.0,60501.0,0.20440770046827172,8,2.7028670662405148,,,,,2011
05170,"      Wesel, Kreis",459740.0,97597.0,0.21228737982337842,7,1.5225997302823335,,,,,2011
05314,"      Bonn, kreisfreie Stadt",307530.0,56027.0,0.18218385198192047,10,3.2517152798100994,,,,,2011
05315,"      Köln, kreisfreie Stadt",1013665.0,180246.0,0.17781614241391386,22,2.1703422728416193,,,,,2011
05316,"      Leverkusen, kreisfreie Stadt",159373.0,35220.0,0.22099100851461664,2,1.2549177087712473,,,,,2011
05334,"      Städteregion Aachen, Kreis",541521.0,105737.0,0.1952592789568641,9,1.66198540776812,,,,,2011
05358,"      Düren, Kreis",258524.0,51135.0,0.19779594931224953,6,2.3208676950689298,,,,,2011
05362,      Rhein-Erft-Kreis,452792.0,91247.0,0.20152078658633546,7,1.5459637096061767,,,,,2011
05366,"      Euskirchen, Kreis",187801.0,37327.0,0.19875826007316255,4,2.1299141112134654,,,,,2011
05370,"      Heinsberg, Kreis",248161.0,47607.0,0.19183916892662425,5,2.014821023448487,,,,,2011
05374,      Oberbergischer Kreis,272287.0,55180.0,0.20265381747935082,6,2.2035572759624955,,,,,2011
05378,      Rheinisch-Bergischer Kreis,277816.0,61480.0,0.22129754945719468,5,1.799752354076079,,,,,2011
05382,      Rhein-Sieg-Kreis,579594.0,115218.0,0.19879087775235768,9,1.552811105705028,,,,,2011
05512,"      Bottrop, kreisfreie Stadt",117074.0,24441.0,0.20876539624510992,2,1.7083212327246013,,,,,2011
05513,"      Gelsenkirchen, kreisfreie Stadt",257994.0,53814.0,0.2085862461917719,5,1.9380295665790677,,,,,2011
05515,"      Münster, kreisfreie Stadt",293393.0,50077.0,0.1706823271175522,9,3.0675578490284363,,,,,2011
05554,"      Borken, Kreis",364093.0,63122.0,0.17336779339344618,7,1.9225857129909114,,,,,2011
05558,"      Coesfeld, Kreis",215031.0,39678.0,0.18452223167822315,3,1.395147676381545,,,,,2011
05562,"      Recklinghausen, Kreis",617831.0,131771.0,0.21328000699220337,16,2.589704951677724,,,,,2011
05566,"      Steinfurt, Kreis",433820.0,81066.0,0.18686552026185976,8,1.8440827993176894,,,,,2011
05570,"      Warendorf, Kreis",272985.0,53383.0,0.19555286920526768,6,2.1979229628001535,,,,,2011
05711,"      Bielefeld, kreisfreie Stadt",327199.0,65806.0,0.20111919657456165,6,1.8337464356553657,,,,,2011
05754,"      Gütersloh, Kreis",350814.0,65656.0,0.1871533063104665,4,1.1402053509837122,,,,,2011
05758,"      Herford, Kreis",249947.0,53690.0,0.21480553877422012,4,1.6003392719256484,,,,,2011
05762,"      Höxter, Kreis",144891.0,30272.0,0.20892947111966928,3,2.0705219785908024,,,,,2011
05766,"      Lippe, Kreis",347729.0,75024.0,0.21575422239732667,4,1.1503210833723962,,,,,2011
05770,"      Minden-Lübbecke, Kreis",310932.0,66133.0,0.2126928074305636,10,3.216137290468655,,,,,2011
05774,"      Paderborn, Kreis",295614.0,49619.0,0.1678506430683256,6,2.0296738314152916,,,,,2011
05911,"      Bochum, kreisfreie Stadt",362585.0,78796.0,0.21731731869768467,8,2.206379193844202,,,,,2011
05913,"      Dortmund, kreisfreie Stadt",571403.0,117599.0,0.2058074598838298,12,2.1000939792055697,,,,,2011
05914,"      Hagen, kreisfreie Stadt",187333.0,42242.0,0.22549150443328192,5,2.669043895095899,,,,,2011
05915,"      Hamm, kreisfreie Stadt",176474.0,35314.0,0.200108797896574,6,3.3999342679374864,,,,,2011
05916,"      Herne, kreisfreie Stadt",154887.0,34010.0,0.21957943533027305,5,3.22815988430275,,,,,2011
05954,      Ennepe-Ruhr-Kreis,325145.0,74310.0,0.2285441879776715,8,2.4604407264451247,,,,,2011
05958,      Hochsauerlandkreis,265199.0,55683.0,0.20996685507863905,14,5.27905459673679,,,,,2011
05962,      Märkischer Kreis,422614.0,88170.0,0.20863009744116381,12,2.8394705333945396,,,,,2011
05966,"      Olpe, Kreis",136144.0,25691.0,0.18870460688682572,3,2.2035491832177696,,,,,2011
05970,"      Siegen-Wittgenstein, Kreis",276227.0,57134.0,0.2068371303312131,6,2.172126548092692,,,,,2011
05974,"      Soest, Kreis",296540.0,59640.0,0.20111957914615228,10,3.3722263438321978,,,,,2011
05978,"      Unna, Kreis",394873.0,84070.0,0.21290389568291576,9,2.2792138231785914,,,,,2011
06411,"      Darmstadt, kreisfreie Stadt, Wissenschaftsstadt",145845.0,26071.0,0.1787582707669101,5,3.4282971647982445,,,,,2011
06412,"      Frankfurt am Main, kreisfreie Stadt",676533.0,109828.0,0.1623394572031224,11,1.6259369461652275,,,,,2011
06413,"      Offenbach am Main, kreisfreie Stadt",114855.0,20315.0,0.17687519045753342,3,2.6119890296460757,,,,,2011
06414,"      Wiesbaden, kreisfreie Stadt, Landeshauptstadt",270952.0,53290.0,0.1966769021819363,5,1.8453453010127254,,,,,2011
06431,"      Bergstraße, Landkreis",261158.0,54117.0,0.2072193844339442,6,2.297459775308434,,,,,2011
06432,"      Darmstadt-Dieburg, Landkreis",283465.0,54148.0,0.19102181927222056,2,0.7055544776251036,,,,,2011
06433,"      Groß-Gerau, Landkreis",252770.0,48020.0,0.18997507615618942,2,0.7912331368437711,,,,,2011
06434,      Hochtaunuskreis,226964.0,49581.0,0.21845314675455138,5,2.2029925450732275,,,,,2011
06435,      Main-Kinzig-Kreis,401823.0,80998.0,0.20157631594010297,3,0.7465973824295772,,,,,2011
06436,      Main-Taunus-Kreis,224823.0,46480.0,0.206740413569786,3,1.3343830479977583,,,,,2011
06437,      Odenwaldkreis,96785.0,20385.0,0.21062148060133284,2,2.066435914656197,,,,,2011
06438,"      Offenbach, Landkreis",334019.0,67581.0,0.20232681374412834,2,0.5987683335379125,,,,,2011
06439,      Rheingau-Taunus-Kreis,180506.0,38089.0,0.21101237631990072,5,2.769991025229078,,,,,2011
06440,      Wetteraukreis,293113.0,58291.0,0.19886869569074042,8,2.7293228208916016,,,,,2011
06531,"      Gießen, Landkreis",252587.0,47005.0,0.18609429622268764,5,1.9795159687553199,,,,,2011
06532,      Lahn-Dill-Kreis,252899.0,52241.0,0.20656863016461116,9,3.558732932909976,,,,,2011
06533,"      Limburg-Weilburg, Landkreis",170471.0,33533.0,0.19670794445976147,3,1.7598301177326348,,,,,2011
06534,"      Marburg-Biedenkopf, Landkreis",241574.0,44766.0,0.1853096773659417,5,2.069759162823814,,,,,2011
06535,      Vogelsbergkreis,107994.0,24148.0,0.22360501509343111,4,3.7039094764523957,,,,,2011
06611,"      Kassel, kreisfreie Stadt, documenta-Stadt",191854.0,38335.0,0.19981339977274384,8,4.169837480584194,,,,,2011
06631,"      Fulda, Landkreis",215945.0,43147.0,0.19980550603162842,4,1.8523235083007248,,,,,2011
06632,"      Hersfeld-Rotenburg, Landkreis",120776.0,27755.0,0.22980559051467178,5,4.139895343445717,,,,,2011
06633,"      Kassel, Landkreis",234680.0,54002.0,0.23010908471109595,5,2.1305607635929777,,,,,2011
06634,      Schwalm-Eder-Kreis,181327.0,39064.0,0.21543399493732318,6,3.3089390989758836,,,,,2011
06635,"      Waldeck-Frankenberg, Landkreis",158210.0,34437.0,0.21766639276910435,8,5.056570381138993,,,,,2011
06636,      Werra-Meißner-Kreis,101843.0,24634.0,0.24188211266360968,2,1.963807036320611,,,,,2011
07111,"      Koblenz, kreisfreie Stadt",107954.0,23672.0,0.2192785816180966,4,3.7052818793189695,,,,,2011
07131,"      Ahrweiler, Landkreis",125951.0,29008.0,0.2303117879175235,7,5.557716889901629,,,,,2011
07132,"      Altenkirchen (Westerwald), Landkreis",129962.0,26922.0,0.20715286006678876,2,1.538911374093966,,,,,2011
07133,"      Bad Kreuznach, Landkreis",155404.0,32966.0,0.21213096188000308,5,3.217420401019279,,,,,2011
07134,"      Birkenfeld, Landkreis",82323.0,18592.0,0.2258421097384692,3,3.644182063335885,,,,,2011
07135,"      Cochem-Zell, Landkreis",62797.0,14143.0,0.22521776517986528,3,4.7772982785801865,,,,,2011
07137,"      Mayen-Koblenz, Landkreis",210246.0,42697.0,0.2030811525546265,5,2.378166528733008,,,,,2011
07138,"      Neuwied, Landkreis",180497.0,37984.0,0.21044117076738117,6,3.3241549721047994,,,,,2011
07140,      Rhein-Hunsrück-Kreis,102732.0,21192.0,0.20628431258030605,2,1.9468130670093056,,,,,2011
07141,      Rhein-Lahn-Kreis,122609.0,26754.0,0.21820584133301796,7,5.709205686368864,,,,,2011
07143,      Westerwaldkreis,199691.0,38795.0,0.19427515511465213,2,1.0015473907186603,,,,,2011
07211,"      Trier, kreisfreie Stadt",106284.0,19016.0,0.17891686425049866,2,1.881750780926574,,,,,2011
07231,"      Bernkastel-Wittlich, Landkreis",111250.0,23334.0,0.2097438202247191,2,1.797752808988764,,,,,2011
07232,      Eifelkreis Bitburg-Prüm,95751.0,18797.0,0.19631126567868742,1,1.0443755156604109,,,,,2011
07233,"      Vulkaneifel, Landkreis",61533.0,13811.0,0.22444866981944647,1,1.6251442315505502,,,,,2011
07235,"      Trier-Saarburg, Landkreis",143552.0,27282.0,0.19004959875167188,2,1.3932233615693268,,,,,2011
07311,"      Frankenthal (Pfalz), kreisfreie Stadt",46617.0,10519.0,0.22564729605079692,1,2.145140184911084,,,,,2011
07312,"      Kaiserslautern, kreisfreie Stadt",96963.0,19312.0,0.19916875509214854,2,2.062642451244289,,,,,2011
07313,"      Landau in der Pfalz, kreisfreie Stadt",43476.0,8245.0,0.18964486153279972,2,4.600239212439047,,,,,2011
07314,"      Ludwigshafen am Rhein, kreisfreie Stadt",158637.0,31318.0,0.1974192653668438,4,2.521479856527796,,,,,2011
07315,"      Mainz, kreisfreie Stadt",201002.0,35636.0,0.17729176824111204,4,1.990029949950747,,,,,2011
07316,"      Neustadt an der Weinstraße, kreisfreie Stadt",52322.0,12094.0,0.23114559840984672,1,1.9112419250028667,,,,,2011
07317,"      Pirmasens, kreisfreie Stadt",40655.0,10235.0,0.2517525519616283,1,2.459722051408191,,,,,2011
07318,"      Speyer, kreisfreie Stadt",49712.0,10261.0,0.20640891535243,2,4.023173479240425,,,,,2011
07319,"      Worms, kreisfreie Stadt",79526.0,15687.0,0.19725624324120414,3,3.7723511807459196,,,,,2011
07320,"      Zweibrücken, kreisfreie Stadt",34161.0,7578.0,0.22183191358566787,2,5.85462954831533,,,,,2011
07331,"      Alzey-Worms, Landkreis",125109.0,22146.0,0.17701364410234277,2,1.5986060155544366,,,,,2011
07332,"      Bad Dürkheim, Landkreis",130920.0,28911.0,0.2208295142071494,3,2.2914757103574703,,,,,2011
07333,      Donnersbergkreis,75822.0,14610.0,0.19268813800743848,1,1.318878425786711,,,,,2011
07334,"      Germersheim, Landkreis",124294.0,22334.0,0.17968687144994933,1,0.8045440648784334,,,,,2011
07335,"      Kaiserslautern, Landkreis",104910.0,20946.0,0.19965684872748068,1,0.9531979792202839,,,,,2011
07336,"      Kusel, Landkreis",72458.0,15690.0,0.21653923652322724,0,0.0,,,,,2011
07337,"      Südliche Weinstraße, Landkreis",108300.0,22634.0,0.20899353647276084,3,2.7700831024930745,,,,,2011
07338,      Rhein-Pfalz-Kreis,147341.0,31376.0,0.21294819500342743,0,0.0,,,,,2011
07339,"      Mainz-Bingen, Landkreis",201264.0,37390.0,0.18577589633516178,3,1.4905795373241115,,,,,2011
07340,"      Südwestpfalz, Landkreis",98008.0,22221.0,0.2267263896824749,2,2.040649742878132,,,,,2011
08111,"      Stuttgart, Stadtkreis",591015.0,109563.0,0.18538108169843406,15,2.538006649577422,,,,,2011
08115,"      Böblingen, Landkreis",364458.0,71242.0,0.19547382688814624,5,1.3719001915172666,,,,,2011
08116,"      Esslingen, Landkreis",504961.0,100871.0,0.19975998146391505,7,1.3862456704577186,,,,,2011
08117,"      Göppingen, Landkreis",247194.0,51670.0,0.20902610904795424,4,1.6181622531291213,,,,,2011
08118,"      Ludwigsburg, Landkreis",512086.0,99063.0,0.19344992833235042,6,1.1716781946782377,,,,,2011
08119,"      Rems-Murr-Kreis, Landkreis",407150.0,82588.0,0.2028441606287609,5,1.2280486307257767,,,,,2011
08121,"      Heilbronn, Stadtkreis",116716.0,23869.0,0.20450495219164466,4,3.4271222454504957,,,,,2011
08125,"      Heilbronn, Landkreis",323168.0,58839.0,0.1820693880582236,6,1.8566194672739875,,,,,2011
08126,"      Hohenlohekreis, Landkreis",107200.0,19558.0,0.18244402985074626,1,0.9328358208955224,,,,,2011
08127,"      Schwäbisch Hall, Landkreis",186427.0,33462.0,0.1794911681247888,3,1.6092089665123614,,,,,2011
08128,"      Main-Tauber-Kreis, Landkreis",130431.0,27250.0,0.208922725425704,6,4.600133403868712,,,,,2011
08135,"      Heidenheim, Landkreis",127691.0,27634.0,0.2164130596518157,1,0.7831405502345506,,,,,2011
08136,"      Ostalbkreis, Landkreis",306425.0,59428.0,0.19393978950803623,6,1.958064779309782,,,,,2011
08211,"      Baden-Baden, Stadtkreis",52424.0,13945.0,0.26600412025026704,5,9.537616358919578,,,,,2011
08212,"      Karlsruhe, Stadtkreis",291995.0,55413.0,0.18977379749653248,5,1.71235808832343,,,,,2011
08215,"      Karlsruhe, Landkreis",424510.0,83435.0,0.1965442510188217,3,0.7066971331652965,,,,,2011
08216,"      Rastatt, Landkreis",222201.0,44982.0,0.20243833286078822,3,1.3501289373135135,,,,,2011
08221,"      Heidelberg, Stadtkreis",148415.0,24054.0,0.1620725667890712,10,6.737863423508405,,,,,2011
08222,"      Mannheim, Stadtkreis",291458.0,55732.0,0.19121794563882274,4,1.372410433064112,,,,,2011
08225,"      Neckar-Odenwald-Kreis, Landkreis",142435.0,28210.0,0.19805525327342297,4,2.8082985221329024,,,,,2011
08226,"      Rhein-Neckar-Kreis, Landkreis",525204.0,105730.0,0.20131225200112718,5,0.9520110280957494,,,,,2011
08231,"      Pforzheim, Stadtkreis",115211.0,24293.0,0.21085660223416167,5,4.339863381100763,,,,,2011
08235,"      Calw, Landkreis",150990.0,29789.0,0.19729121133849925,7,4.6360686138154845,,,,,2011
08236,"      Enzkreis, Landkreis",191461.0,38206.0,0.19954977776152846,4,2.089198322373747,,,,,2011
08237,"      Freudenstadt, Landkreis",115220.0,22408.0,0.1944801249783024,2,1.7358097552508245,,,,,2011
08311,"      Freiburg im Breisgau, Stadtkreis",214234.0,34789.0,0.16238785626931299,7,3.2674552125246223,,,,,2011
08315,"      Breisgau-Hochschwarzwald, Landkreis",246437.0,49748.0,0.20186903752277457,9,3.652049002381948,,,,,2011
08316,"      Emmendingen, Landkreis",156723.0,30308.0,0.1933857825590373,4,2.5522737568831633,,,,,2011
08317,"      Ortenaukreis, Landkreis",410408.0,80651.0,0.19651420050291418,12,2.9239196117034756,,,,,2011
08325,"      Rottweil, Landkreis",136049.0,27650.0,0.2032355989386177,5,3.675146454586215,,,,,2011
08326,"      Schwarzwald-Baar-Kreis, Landkreis",203978.0,44014.0,0.21577817215582074,5,2.451244742080028,,,,,2011
08327,"      Tuttlingen, Landkreis",132192.0,25496.0,0.1928709755507141,2,1.512950859356088,,,,,2011
08335,"      Konstanz, Landkreis",268263.0,54683.0,0.2038410067732039,9,3.3549166303217364,,,,,2011
08336,"      Lörrach, Landkreis",219481.0,43087.0,0.19631312049790187,4,1.8224812170529567,,,,,2011
08337,"      Waldshut, Landkreis",163141.0,32771.0,0.2008753164440576,6,3.677800185115943,,,,,2011
08415,"      Reutlingen, Landkreis",273646.0,54189.0,0.19802591669529246,6,2.1926138149287766,,,,,2011
08416,"      Tübingen, Landkreis",212800.0,34029.0,0.1599107142857143,5,2.349624060150376,,,,,2011
08417,"      Zollernalbkreis, Landkreis",185129.0,38708.0,0.2090866368856311,3,1.620491657168785,,,,,2011
08421,"      Ulm, Stadtkreis",117541.0,21742.0,0.18497375383908593,4,3.4030678656809115,,,,,2011
08425,"      Alb-Donau-Kreis, Landkreis",186444.0,33955.0,0.18211902769732466,5,2.6817703975456437,,,,,2011
08426,"      Biberach, Landkreis",187508.0,33108.0,0.17656846641209975,5,2.6665528937432006,,,,,2011
08435,"      Bodenseekreis, Landkreis",204483.0,43136.0,0.21095152164238593,5,2.4451910427761723,,,,,2011
08436,"      Ravensburg, Landkreis",270129.0,50415.0,0.1866330530968537,9,3.3317415012827203,,,,,2011
08437,"      Sigmaringen, Landkreis",127409.0,24235.0,0.19021419209004073,2,1.5697478200127148,,,,,2011
09161,"      Ingolstadt, kreisfreie Stadt",126076.0,23616.0,0.18731558742345886,3,2.3795171166597924,,,,,2011
09162,"      München, kreisfreie Stadt",1364920.0,245684.0,0.1799988277701257,40,2.930574685695865,,,,,2011
09163,"      Rosenheim, kreisfreie Stadt",59543.0,11850.0,0.1990158372940564,2,3.3589170851317536,,,,,2011
09171,"      Altötting, Landkreis",106342.0,22093.0,0.20775422692821274,2,1.8807244550600892,,,,,2011
09172,"      Berchtesgadener Land, Landkreis",101263.0,23249.0,0.22959027482891087,8,7.900220218638594,,,,,2011
09173,"      Bad Tölz-Wolfratshausen, Landkreis",119733.0,24784.0,0.2069938947491502,5,4.175958173602933,,,,,2011
09174,"      Dachau, Landkreis",139921.0,24513.0,0.1751917153250763,1,0.7146890030803096,,,,,2011
09175,"      Ebersberg, Landkreis",128870.0,23975.0,0.18604019554589896,1,0.7759757895553658,,,,,2011
09176,"      Eichstätt, Landkreis",123961.0,20950.0,0.16900476762852834,3,2.420116004227136,,,,,2011
09177,"      Erding, Landkreis",126676.0,19866.0,0.1568252865578326,3,2.3682465502541916,,,,,2011
09178,"      Freising, Landkreis",164232.0,25125.0,0.15298480198743242,1,0.608894734278338,,,,,2011
09179,"      Fürstenfeldbruck, Landkreis",203029.0,42583.0,0.2097385102620808,1,0.49254047451349314,,,,,2011
09180,"      Garmisch-Partenkirchen, Landkreis",84234.0,20649.0,0.24513854263124155,6,7.123014459719354,,,,,2011
09181,"      Landsberg am Lech, Landkreis",113539.0,20612.0,0.18154114445256697,3,2.642263891702411,,,,,2011
09182,"      Miesbach, Landkreis",93971.0,20792.0,0.22125975034851178,2,2.1283161826520947,,,,,2011
09183,"      Mühldorf a.Inn, Landkreis",106803.0,20849.0,0.19520987238186194,1,0.9363032873608419,,,,,2011
09184,"      München, Landkreis",320855.0,65242.0,0.20333795639774976,3,0.9350017920867681,,,,,2011
09185,"      Neuburg-Schrobenhausen, Landkreis",90973.0,16372.0,0.17996548426456202,2,2.198454486495993,,,,,2011
09186,"      Pfaffenhofen a.d.Ilm, Landkreis",116973.0,20173.0,0.1724586015576244,1,0.8548981388867517,,,,,2011
09187,"      Rosenheim, Landkreis",245264.0,48250.0,0.19672679235436102,14,5.708134907691305,,,,,2011
09188,"      Starnberg, Landkreis",128111.0,28708.0,0.22408692462005605,9,7.025157870908821,,,,,2011
09189,"      Traunstein, Landkreis",168827.0,36746.0,0.21765475901366488,4,2.3692892724504966,,,,,2011
09190,"      Weilheim-Schongau, Landkreis",129060.0,26212.0,0.2030993336432667,4,3.099333643266698,,,,,2011
09261,"      Landshut, kreisfreie Stadt",64277.0,13717.0,0.2134044837189041,4,6.223065793363101,,,,,2011
09262,"      Passau, kreisfreie Stadt",48623.0,10591.0,0.2178187277625815,3,6.169919585381404,,,,,2011
09263,"      Straubing, kreisfreie Stadt",44642.0,9444.0,0.21154966175350567,1,2.2400430088257695,,,,,2011
09271,"      Deggendorf, Landkreis",114690.0,21568.0,0.1880547562995902,4,3.4876623942802336,,,,,2011
09272,"      Freyung-Grafenau, Landkreis",78130.0,15153.0,0.19394598745680278,3,3.8397542557276334,,,,,2011
09273,"      Kelheim, Landkreis",113191.0,20001.0,0.17670132784408654,2,1.7669249321942557,,,,,2011
09274,"      Landshut, Landkreis",147758.0,25466.0,0.17234938209775444,2,1.3535646124067733,,,,,2011
09275,"      Passau, Landkreis",184531.0,36839.0,0.19963583354558312,4,2.1676574667671016,,,,,2011
09276,"      Regen, Landkreis",76525.0,15422.0,0.20152891212022214,2,2.6135249918327346,,,,,2011
09277,"      Rottal-Inn, Landkreis",116849.0,23922.0,0.20472575717378838,3,2.5674160668897468,,,,,2011
09278,"      Straubing-Bogen, Landkreis",96140.0,17182.0,0.17871853546910754,3,3.1204493447056376,,,,,2011
09279,"      Dingolfing-Landau, Landkreis",90567.0,16487.0,0.18204202413682688,1,1.104154935020482,,,,,2011
09361,"      Amberg, kreisfreie Stadt",41790.0,9327.0,0.22318736539842068,1,2.3929169657812874,,,,,2011
09362,"      Regensburg, kreisfreie Stadt",136352.0,25045.0,0.1836790072752875,5,3.666979582257686,,,,,2011
09363,"      Weiden i.d.OPf., kreisfreie Stadt",41734.0,9413.0,0.2255475152154119,1,2.39612785738247,,,,,2011
09371,"      Amberg-Sulzbach, Landkreis",103597.0,20202.0,0.19500564688166647,2,1.9305578346863326,,,,,2011
09372,"      Cham, Landkreis",125504.0,24294.0,0.1935715196328404,4,3.187149413564508,,,,,2011
09373,"      Neumarkt i.d.OPf., Landkreis",126746.0,22353.0,0.17636059520616035,3,2.366938601612674,,,,,2011
09374,"      Neustadt a.d.Waldnaab, Landkreis",96094.0,18143.0,0.18880471205278165,2,2.0812953982558744,,,,,2011
09375,"      Regensburg, Landkreis",183161.0,31669.0,0.17290252837667408,2,1.0919355102887622,,,,,2011
09376,"      Schwandorf, Landkreis",142630.0,27612.0,0.19359181097945732,5,3.5055738624412816,,,,,2011
09377,"      Tirschenreuth, Landkreis",74483.0,15746.0,0.21140394452425385,2,2.68517648322436,,,,,2011
09461,"      Bamberg, kreisfreie Stadt",70712.0,14653.0,0.20722083946147754,1,1.4141871252404117,,,,,2011
09462,"      Bayreuth, kreisfreie Stadt",71214.0,14973.0,0.21025360181986688,2,2.8084365433763026,,,,,2011
09463,"      Coburg, kreisfreie Stadt",40991.0,9402.0,0.22936742211705008,1,2.439559903393428,,,,,2011
09464,"      Hof, kreisfreie Stadt",44511.0,10692.0,0.24021028509806563,1,2.246635663094516,,,,,2011
09471,"      Bamberg, Landkreis",143746.0,24709.0,0.17189347877506156,2,1.3913430634591573,,,,,2011
09472,"      Bayreuth, Landkreis",105227.0,21283.0,0.20225797561462364,1,0.9503264371311545,,,,,2011
09473,"      Coburg, Landkreis",87404.0,18640.0,0.2132625509130017,2,2.288224795203881,,,,,2011
09474,"      Forchheim, Landkreis",112986.0,20804.0,0.18412900713362718,2,1.770130812667056,,,,,2011
09475,"      Hof, Landkreis",98787.0,24070.0,0.24365554172107665,2,2.024557887171389,,,,,2011
09476,"      Kronach, Landkreis",69599.0,15425.0,0.2216267475107401,1,1.4368022529059326,,,,,2011
09477,"      Kulmbach, Landkreis",73710.0,16113.0,0.2185999185999186,2,2.71333604666938,,,,,2011
09478,"      Lichtenfels, Landkreis",67245.0,14155.0,0.21049892185292587,4,5.948397650382928,,,,,2011
09479,"      Wunsiedel i.Fichtelgebirge, Landkreis",75441.0,19148.0,0.25381423894168953,1,1.3255391630545725,,,,,2011
09561,"      Ansbach, kreisfreie Stadt",39600.0,8559.0,0.21613636363636363,3,7.575757575757576,,,,,2011
09562,"      Erlangen, kreisfreie Stadt",104312.0,19136.0,0.18344965104685942,3,2.8759874223483397,,,,,2011
09563,"      Fürth, kreisfreie Stadt",116640.0,21676.0,0.18583676268861454,2,1.7146776406035666,,,,,2011
09564,"      Nürnberg, kreisfreie Stadt",490085.0,101856.0,0.20783333503371865,10,2.040462368772764,,,,,2011
09565,"      Schwabach, kreisfreie Stadt",38610.0,8176.0,0.21175861175861177,1,2.59000259000259,,,,,2011
09571,"      Ansbach, Landkreis",178262.0,33566.0,0.18829587909930326,3,1.6829161571170523,,,,,2011
09572,"      Erlangen-Höchstadt, Landkreis",130747.0,24106.0,0.1843713431283318,2,1.5296718089133976,,,,,2011
09573,"      Fürth, Landkreis",113259.0,23671.0,0.20899884335902666,0,0.0,,,,,2011
09574,"      Nürnberger Land, Landkreis",164079.0,35004.0,0.21333625875340537,4,2.4378500600320576,,,,,2011
09575,"      Neustadt a.d.Aisch-Bad Windsheim, Landkreis",97518.0,18848.0,0.1932771385795443,2,2.0509034229578127,,,,,2011
09576,"      Roth, Landkreis",123120.0,23817.0,0.19344541910331384,1,0.8122157244964262,,,,,2011
09577,"      Weißenburg-Gunzenhausen, Landkreis",92182.0,18814.0,0.20409624438610574,2,2.169620967217027,,,,,2011
09661,"      Aschaffenburg, kreisfreie Stadt",67470.0,13456.0,0.1994367867200237,3,4.44642063139173,,,,,2011
09662,"      Schweinfurt, kreisfreie Stadt",52118.0,12595.0,0.24166314900802027,3,5.7561686941171955,,,,,2011
09663,"      Würzburg, kreisfreie Stadt",124449.0,25013.0,0.2009899637602552,7,5.624794092359119,,,,,2011
09671,"      Aschaffenburg, Landkreis",172351.0,33575.0,0.19480594832638046,2,1.1604226259203603,,,,,2011
09672,"      Bad Kissingen, Landkreis",103653.0,23175.0,0.22358253017278806,4,3.859029646995263,,,,,2011
09673,"      Rhön-Grabfeld, Landkreis",80469.0,16143.0,0.20061141557618462,5,6.213572928705465,,,,,2011
09674,"      Haßberge, Landkreis",84440.0,15730.0,0.18628612032212222,2,2.3685457129322596,,,,,2011
09675,"      Kitzingen, Landkreis",87731.0,16799.0,0.19148305616030822,2,2.279695888568465,,,,,2011
09676,"      Miltenberg, Landkreis",128122.0,24743.0,0.1931206194096252,1,0.7805060801423643,,,,,2011
09677,"      Main-Spessart, Landkreis",127154.0,25913.0,0.20379225191500072,3,2.359343787847807,,,,,2011
09678,"      Schweinfurt, Landkreis",112991.0,22586.0,0.19989202679859458,4,3.5401049641121856,,,,,2011
09679,"      Würzburg, Landkreis",158128.0,29627.0,0.1873608722047961,1,0.6323990691085702,,,,,2011
09761,"      Augsburg, kreisfreie Stadt",269402.0,54830.0,0.20352484391355669,6,2.2271549580181293,,,,,2011
09762,"      Kaufbeuren, kreisfreie Stadt",41460.0,9388.0,0.22643511818620357,2,4.82392667631452,,,,,2011
09763,"      Kempten (Allgäu), kreisfreie Stadt",64300.0,14364.0,0.22339035769828927,2,3.1104199066874028,,,,,2011
09764,"      Memmingen, kreisfreie Stadt",41242.0,8859.0,0.21480529557247466,2,4.8494253430968435,,,,,2011
09771,"      Aichach-Friedberg, Landkreis",126720.0,23265.0,0.18359375,2,1.5782828282828283,,,,,2011
09772,"      Augsburg, Landkreis",237839.0,45933.0,0.19312644267760964,4,1.6818099638831312,,,,,2011
09773,"      Dillingen a.d.Donau, Landkreis",93212.0,17102.0,0.18347423078573574,1,1.072823241642707,,,,,2011
09774,"      Günzburg, Landkreis",120134.0,21963.0,0.18282085005077664,5,4.162019078695456,,,,,2011
09775,"      Neu-Ulm, Landkreis",164388.0,31609.0,0.19228289169525756,3,1.824950726330389,,,,,2011
09776,"      Lindau (Bodensee), Landkreis",78455.0,17166.0,0.21880058632337007,5,6.373080109616978,,,,,2011
09777,"      Ostallgäu, Landkreis",133607.0,26630.0,0.19931590410682076,6,4.490782668572755,,,,,2011
09778,"      Unterallgäu, Landkreis",135597.0,27150.0,0.20022566870948472,2,1.4749588855210662,,,,,2011
09779,"      Donau-Ries, Landkreis",128072.0,24176.0,0.18876881754013367,4,3.123243175713661,,,,,2011
09780,"      Oberallgäu, Landkreis",148691.0,31694.0,0.2131534524618168,3,2.017606983610306,,,,,2011
10041,"      Saarbrücken, Regionalverband",326996.0,71064.0,0.2173237593120405,8,2.446513107193972,,,,,2011
10042,"      Merzig-Wadern, Landkreis",103639.0,21153.0,0.2041027026505466,3,2.894663205935989,,,,,2011
10043,"      Neunkirchen, Landkreis",134957.0,30763.0,0.22794667931266996,4,2.9639070222367123,,,,,2011
10044,"      Saarlouis, Landkreis",197452.0,43194.0,0.21875696371776432,5,2.532261005206329,,,,,2011
10045,      Saarpfalz-Kreis,145099.0,33603.0,0.2315867097636786,2,1.378369251338741,,,,,2011
10046,"      St. Wendel, Landkreis",89712.0,19612.0,0.2186106652398787,1,1.114678080970216,,,,,2011
12051,"      Brandenburg an der Havel, kreisfreie Stadt",71381.0,18870.0,0.26435606113671706,3,4.202799064176742,,,,,2011
12052,"      Cottbus, kreisfreie Stadt",99974.0,22930.0,0.22935963350471122,2,2.000520135235161,,,,,2011
12053,"      Frankfurt (Oder), kreisfreie Stadt",59063.0,13493.0,0.228450976076393,1,1.6931073599376936,,,,,2011
12054,"      Potsdam, kreisfreie Stadt",157603.0,30585.0,0.19406356477985826,4,2.538022753373984,,,,,2011
12060,"      Barnim, Landkreis",172572.0,37151.0,0.21527826066801103,5,2.89734139953179,,,,,2011
12061,"      Dahme-Spreewald, Landkreis",160108.0,36715.0,0.22931396307492444,4,2.4983136382941513,,,,,2011
12062,"      Elbe-Elster, Landkreis",109087.0,27403.0,0.25120316811352406,1,0.9166995150659565,,,,,2011
12063,"      Havelland, Landkreis",152915.0,32103.0,0.20994016283556224,1,0.6539580812869895,,,,,2011
12064,"      Märkisch-Oderland, Landkreis",187085.0,40606.0,0.21704572787770265,2,1.0690327925809124,,,,,2011
12065,"      Oberhavel, Landkreis",201199.0,42672.0,0.21208852926704408,4,1.988081451697076,,,,,2011
12066,"      Oberspreewald-Lausitz, Landkreis",116898.0,30748.0,0.2630327293880135,1,0.8554466286848365,,,,,2011
12067,"      Oder-Spree, Landkreis",177764.0,42464.0,0.23887851308476407,4,2.2501743885151098,,,,,2011
12068,"      Ostprignitz-Ruppin, Landkreis",99753.0,22659.0,0.22715106312592104,2,2.0049522320130726,,,,,2011
12069,"      Potsdam-Mittelmark, Landkreis",203391.0,41725.0,0.2051467370729285,4,1.966655358398356,,,,,2011
12070,"      Prignitz, Landkreis",79574.0,20458.0,0.25709402568678213,1,1.2566918842838113,,,,,2011
12071,"      Spree-Neiße, Landkreis",121571.0,29492.0,0.24259074943859968,2,1.6451291837691555,,,,,2011
12072,"      Teltow-Fläming, Landkreis",159511.0,33901.0,0.21253079724909255,2,1.2538320241237282,,,,,2011
12073,"      Uckermark, Landkreis",123731.0,29787.0,0.24073999240287397,5,4.041024480526303,,,,,2011
13003,"      Rostock, kreisfreie Stadt",201813.0,45846.0,0.22717069762602013,4,1.9820328720151823,,,,,2011
13004,"      Schwerin, kreisfreie Stadt",91327.0,22030.0,0.24122110657308354,1,1.0949664392786362,,,,,2011
13071,"      Mecklenburgische Seenplatte, Landkreis",266593.0,59575.0,0.22346798303031212,5,1.8755181118784063,,,,,2011
13072,      Landkreis Rostock,211863.0,44427.0,0.20969683238696704,5,2.3600156705040525,,,,,2011
13073,"      Vorpommern-Rügen, Landkreis",224751.0,52925.0,0.23548282321324487,4,1.7797473648615578,,,,,2011
13074,"      Nordwestmecklenburg, Landkreis",156004.0,32426.0,0.207853644778339,2,1.2820184097843645,,,,,2011
13075,"      Vorpommern-Greifswald, Landkreis",240971.0,53159.0,0.22060330911188483,8,3.3199015649186,,,,,2011
13076,"      Ludwigslust-Parchim, Landkreis",213577.0,44645.0,0.20903468070063724,5,2.3410760521966316,,,,,2011
14511,"      Chemnitz, kreisfreie Stadt",240543.0,64224.0,0.26699592172709247,3,1.2471782591885858,,,,,2011
14521,      Erzgebirgskreis,359103.0,89702.0,0.24979462716824977,6,1.6708298176289256,,,,,2011
14522,"      Mittelsachsen, Landkreis",320062.0,81892.0,0.2558629265579794,7,2.187076253975792,,,,,2011
14523,      Vogtlandkreis,238443.0,64355.0,0.2698967887503512,6,2.5163246562071437,,,,,2011
14524,"      Zwickau, Landkreis",333291.0,88708.0,0.2661578020408592,7,2.100266733875202,,,,,2011
14612,"      Dresden, kreisfreie Stadt",517765.0,113786.0,0.21976379245410563,7,1.3519646944076946,,,,,2011
14625,"      Bautzen, Landkreis",313618.0,78398.0,0.24997927414880525,7,2.2320147440516807,,,,,2011
14626,"      Görlitz, Landkreis",267815.0,72018.0,0.2689095084293262,7,2.61374456247783,,,,,2011
14627,"      Meißen, Landkreis",246237.0,62644.0,0.2544053087066525,3,1.218338430049099,,,,,2011
14628,"      Sächsische Schweiz-Osterzgebirge, Landkreis",246275.0,62874.0,0.25529996954623896,6,2.43630088315907,,,,,2011
14713,"      Leipzig, kreisfreie Stadt",510043.0,114171.0,0.22384583260627045,7,1.3724333046429418,,,,,2011
14729,"      Leipzig, Landkreis",260925.0,63132.0,0.24195458465076172,4,1.533007569224873,,,,,2011
14730,"      Nordsachsen, Landkreis",200062.0,47217.0,0.23601183633073747,8,3.998760384280873,,,,,2011
15001,"      Dessau-Roßlau, kreisfreie Stadt",85488.0,24331.0,0.2846130451057458,3,3.509264458169568,,,,,2011
15002,"      Halle (Saale), kreisfreie Stadt",230494.0,54088.0,0.23466120593160777,6,2.603104636129357,,,,,2011
15003,"      Magdeburg, kreisfreie Stadt, Landeshauptstadt",228910.0,54345.0,0.2374077148224193,6,2.621117469747936,,,,,2011
15081,      Altmarkkreis Salzwedel,87624.0,19319.0,0.22047612526248517,1,1.1412398429653976,,,,,2011
15082,"      Anhalt-Bitterfeld, Landkreis",170827.0,43079.0,0.25217910517658215,2,1.1707751116626763,,,,,2011
15083,"      Börde, Landkreis",175198.0,36864.0,0.2104133608831151,3,1.7123483144784757,,,,,2011
15084,      Burgenlandkreis,188149.0,49009.0,0.26047972617446813,2,1.0629873132464165,,,,,2011
15085,"      Harz, Landkreis",225191.0,56959.0,0.2529363962147688,5,2.2203374024716793,,,,,2011
15086,"      Jerichower Land, Landkreis",93242.0,21705.0,0.2327813646210935,4,4.289912271294052,,,,,2011
15087,"      Mansfeld-Südharz, Landkreis",146659.0,38791.0,0.26449791693656716,1,0.6818538241771729,,,,,2011
15088,      Saalekreis,190747.0,43589.0,0.22851735544988913,1,0.5242546409642092,,,,,2011
15089,      Salzlandkreis,203785.0,52199.0,0.2561474102608141,6,2.9442795102681747,,,,,2011
15090,"      Stendal, Landkreis",118268.0,26932.0,0.22772009334731289,4,3.3821490174857103,,,,,2011
15091,"      Wittenberg, Landkreis",132154.0,34022.0,0.2574420751547437,3,2.2700788474053,,,,,2011
16051,"      Erfurt, kreisfreie Stadt",201952.0,42822.0,0.21204048486769134,2,0.990334336872128,,,,,2011
16052,"      Gera, kreisfreie Stadt",95746.0,25318.0,0.2644288012031834,1,1.0444300545192489,,,,,2011
16053,"      Jena, kreisfreie Stadt",106428.0,21483.0,0.20185477505919494,1,0.9396023602811291,,,,,2011
16054,"      Suhl, kreisfreie Stadt",36570.0,9974.0,0.27273721629751163,1,2.7344818156959256,,,,,2011
16055,"      Weimar, kreisfreie Stadt",62886.0,13508.0,0.21480138663613524,1,1.5901790541614984,,,,,2011
16056,"      Eisenach, kreisfreie Stadt",41708.0,10543.0,0.25278124100891913,1,2.3976215594130625,,,,,2011
16061,"      Eichsfeld, Landkreis",101906.0,20950.0,0.20558161442898357,1,0.9812964889211626,,,,,2011
16062,"      Nordhausen, Landkreis",86734.0,21076.0,0.24299582631955174,4,4.611801600295156,,,,,2011
16063,      Wartburgkreis,128105.0,28860.0,0.22528394676242144,3,2.3418289684243394,,,,,2011
16064,      Unstrut-Hainich-Kreis,105683.0,23966.0,0.22677251781270402,4,3.7849039107519653,,,,,2011
16065,      Kyffhäuserkreis,79464.0,19321.0,0.2431415483741065,1,1.2584314909896304,,,,,2011
16066,"      Schmalkalden-Meiningen, Landkreis",127042.0,30043.0,0.2364808488531352,3,2.361423781111758,,,,,2011
16067,"      Gotha, Landkreis",135986.0,31362.0,0.2306266821584575,2,1.4707396349624227,,,,,2011
16068,"      Sömmerda, Landkreis",71544.0,15060.0,0.21049983227104999,0,0.0,,,,,2011
16069,"      Hildburghausen, Landkreis",66007.0,14477.0,0.21932522308240035,2,3.0299816686109047,,,,,2011
16070,      Ilm-Kreis,110135.0,25727.0,0.23359513324556228,2,1.8159531484087712,,,,,2011
16071,"      Weimarer Land, Landkreis",82458.0,16985.0,0.20598365228358678,3,3.6382158189623808,,,,,2011
16072,"      Sonneberg, Landkreis",58465.0,14636.0,0.250337808945523,1,1.7104250406225947,,,,,2011
16073,"      Saalfeld-Rudolstadt, Landkreis",112555.0,29638.0,0.2633201545910888,3,2.665363600017769,,,,,2011
16074,      Saale-Holzland-Kreis,84677.0,19324.0,0.22820836827001428,3,3.542874688522267,,,,,2011
16075,      Saale-Orla-Kreis,85259.0,20362.0,0.23882522666228787,1,1.1728967029873678,,,,,2011
16076,"      Greiz, Landkreis",104464.0,26977.0,0.2582420738244754,2,1.9145351508653696,,,,,2011
16077,"      Altenburger Land, Landkreis",95829.0,26154.0,0.27292364524308926,2,2.0870508927360194,,,,,2011
